num,accumTime
1271,45718.60
102,3188.28
209,7667.60
2531,98564.89
2237,64182.00
3661,113467.36
1366,37952.26
2968,92828.95
1182,37779.62
1282,23876.49
1063,33753.69
2157,53054.85
2476,72483.34
2393,82648.36
632,33257.32
3084,96952.38
2544,67189.08
2988,79800.74
2720,84852.18
1074,39212.96
4393,103700.01
9504,364706.39
3512,109337.17
9264,329076.99
164,9330.59
1958,63157.44
3637,100363.32
2723,81526.77
12000,416086.60
5223,141760.28
4205,144964.56
5043,157126.94
1846,61710.04
2990,96216.77
2378,105353.67
1424,63256.38
2876,96676.96
0,0.00
1672,43494.60
3956,108083.56
2160,73985.84
3754,133448.34
1879,46965.83
7488,198339.62
1471,64125.22
3056,99694.82
5880,200893.19
22859,762441.02
6306,207035.58
4522,110398.71
3773,226398.84
8690,321080.18
2114,104122.55
2461,86387.11
1004,33851.63
2971,95252.33
820,23358.63
1936,63728.34
1016,37538.11
779,26373.92
1177,29791.71
2071,57165.76
1292,34082.15
93,2463.50
383,14074.92
603,21829.22
2607,86826.26
3708,86627.17
10319,392981.46
1497,59752.92
745,31946.94
4524,159643.48
8249,270433.53
5788,122358.60
11001,369772.13
1133,35087.33
1820,53921.85
2160,42108.41
8945,310311.81
970,28407.98
2482,59893.20
1448,49132.81
3767,118716.15
1040,34146.28
9447,247765.23
7644,235661.34
45,1503.57
787,37986.15
3378,147730.17
2168,74731.51
1962,61824.72
1842,61227.11
8672,306082.14
7852,318891.61
4329,105631.44
12088,411386.30
1368,50164.34
2768,82638.34
1733,54304.27
1787,61578.89
135,3559.29
4249,146780.85
2781,90092.43
1593,54246.02
1931,72163.38
3991,137022.27
655,25162.92
2129,76058.27
320,11164.75
10207,382051.16
704,33862.48
1050,36174.49
1783,58044.91
1743,51071.73
5258,165080.83
2387,66777.24
2112,79089.00
6983,262243.95
841,28658.17
2016,61089.70
4048,151910.10
25,905.15
40,1688.59
48,2324.83
2475,89946.30
3092,99618.14
2296,73477.85
1141,46758.71
4721,180746.97
946,27251.81
1792,80212.93
3234,120699.92
4206,127827.73
3401,106654.67
7807,204523.90
2397,89143.91
777,25347.39
1483,45151.10
2698,83521.62
2979,68309.36
698,42806.70
270,8273.66
101,4543.37
395,16112.10
12534,427138.41
9343,281224.83
23858,752011.71
2761,93565.41
949,18384.16
3909,150646.96
2352,76054.96
3503,105980.45
1331,46597.27
1776,44829.11
2456,120904.82
1804,47596.60
2441,129843.84
1090,56930.93
1979,72613.49
575,17466.85
2134,57625.92
2054,69348.46
5106,153678.26
635,29951.93
6142,198112.12
1156,39376.41
1037,37430.61
3012,80662.64
2646,79405.12
917,39008.84
536,19481.00
6979,205268.99
4583,148434.61
988,30672.81
358,13669.04
4154,133344.19
1853,62153.00
5246,195390.31
1493,48251.65
1368,41411.85
1719,58312.75
726,27387.84
2045,66484.23
993,37974.27
919,26178.05
980,37167.05
5830,182216.45
5155,165383.26
2676,81020.98
2150,70774.71
4680,187680.60
593,20233.79
722,26599.04
2825,103487.85
1288,38073.70
2363,73684.73
874,31435.72
3802,137426.81
1081,37826.31
9,253.31
5,318.82
20,615.55
0,0.00
0,0.00
0,0.00
0,0.00
0,0.00
0,0.00
25,700.23
5,65.70
20,525.27
41,842.64
12,875.99
0,0.00
69,4321.16
5,233.83
32,5062.18
1,16.20
4,61.60
0,0.00
0,0.00
0,0.00
0,0.00
93,2855.53
9,182.56
2,21.22
0,0.00
0,0.00
4,295.33
57,3102.25
16,1201.57
8,315.53
0,0.00
0,0.00
6,172.87
0,0.00
0,0.00
13,637.19
13,709.83
1,7.15
0,0.00
0,0.00
22,733.49
27,969.67
0,0.00
4,156.50
0,0.00
15,768.47
10,425.85
151,4222.58
47,1071.78
187,6740.73
0,0.00
62,2800.24
29,1072.55
2,124.52
5,81.13
54,2439.00
83,3229.40
48,1644.65
56,1912.57
14,654.30
0,0.00
3,51.88
0,0.00
82,2300.18
16,759.90
10,826.82
0,0.00
0,0.00
4,268.66
5,237.38
4,205.81
25,728.23
9,458.76
0,0.00
8,169.74
11,487.75
0,0.00
87,2609.51
162,5880.56
13,789.38
21,713.52
0,0.00
21,629.54
1,27.52
0,0.00
30,703.18
9,445.88
24,1196.90
63,1776.75
29,958.95
0,0.00
19,508.05
62,2105.78
40,1287.80
41,835.57
4,90.60
1,20.44
0,0.00
0,0.00
5,410.12
0,0.00
15,424.82
10,627.13
41,2216.30
10,364.43
0,0.00
5,650.58
1,20.39
25,1524.06
5,57.67
0,0.00
17,731.64
3,32.69
0,0.00
7,152.86
0,0.00
0,0.00
0,0.00
3,197.19
34,1669.28
44,1672.73
21,797.40
0,0.00
0,0.00
1,58.89
0,0.00
0,0.00
0,0.00
0,0.00
0,0.00
0,0.00
4,186.51
1,10.92
2,25.19
0,0.00
65,2906.21
0,0.00
0,0.00
0,0.00
279,11456.21
2,181.21
0,0.00
87,2936.62
6,447.69
154,5332.02
0,0.00
1,53.29
0,0.00
0,0.00
0,0.00
0,0.00
0,0.00
1,24.45
0,0.00
3,212.89
0,0.00
0,0.00
27,1118.16
15,301.37
15,795.53
0,0.00
1,40.12
16,611.14
2,141.99
0,0.00
1,91.14
23,599.54
10,612.65
0,0.00
44,1726.23
0,0.00
0,0.00
30,1017.42
11,476.67
84,3572.05
198,7248.33
0,0.00
4,508.33
18,653.63
9,395.36
9,257.06
18,426.46
71,2926.49
3,195.46
17,454.82
3,313.91
0,0.00
0,0.00
0,0.00
0,0.00
4,105.13
94,2800.12
158,5419.93
0,0.00
0,0.00
32,791.39
17,555.79
1,62.14
5,160.32
17,459.69
9,187.60
0,0.00
0,0.00
8,107.79
2,61.04
0,0.00
0,0.00
9,728.60
1,170.80
41,1276.11
0,0.00
15,592.62
8,305.04
0,0.00
0,0.00
26,1193.40
7,202.54
0,0.00
0,0.00
0,0.00
0,0.00
0,0.00
0,0.00
23,1246.51
0,0.00
0,0.00
16,827.64
0,0.00
1,18.67
10,193.35
252,7506.40
92,2760.29
277,10085.84
291,9789.81
76,1834.54
534,14955.67
95,3282.32
63,2058.81
0,0.00
0,0.00
0,0.00
0,0.00
0,0.00
26,1932.25
0,0.00
6,252.59
23,577.63
9,374.95
15,733.53
30,914.07
0,0.00
1,11.60
15,238.62
36,4540.51
11,333.37
0,0.00
15,509.82
69,4184.22
0,0.00
55,1539.09
86,2056.34
0,0.00
0,0.00
0,0.00
0,0.00
0,0.00
0,0.00
0,0.00
0,0.00
26,509.52
6,186.82
219,5633.32
238,5988.84
7,126.21
14,452.66
47,1570.34
38,1146.26
8,695.84
65,2403.85
0,0.00
0,0.00
44,2413.61
209,8107.44
15,869.98
0,0.00
6,147.70
0,0.00
0,0.00
0,0.00
0,0.00
67,2379.69
224,6929.10
314,13058.65
322,12417.94
0,0.00
0,0.00
13,404.24
0,0.00
26,967.95
6,410.14
156,4277.21
309,9291.31
288,7120.11
282,8330.99
62,2177.76
3,136.84
0,0.00
0,0.00
0,0.00
6,444.90
0,0.00
0,0.00
9,248.61
65,2155.32
0,0.00
70,2371.63
9,140.55
3,260.58
0,0.00
3,76.51
0,0.00
18,924.89
5,295.73
19,763.03
5,290.90
0,0.00
13,229.81
30,1293.88
21,902.14
0,0.00
0,0.00
37,2470.78
0,0.00
0,0.00
0,0.00
0,0.00
9,606.48
0,0.00
31,1297.15
45,1156.67
0,0.00
24,689.08
24,1159.08
22,911.24
7,329.72
0,0.00
160,5755.23
0,0.00
40,1847.65
174,6703.92
3,128.24
4,70.30
0,0.00
0,0.00
0,0.00
38,1160.83
14,462.35
0,0.00
3,114.04
6,116.60
7,412.36
1,125.75
6,90.00
2,40.92
0,0.00
0,0.00
0,0.00
2,29.54
0,0.00
63,2364.58
20,672.40
1,70.09
21,393.20
5,116.73
66,2542.88
19,317.30
7,191.09
0,0.00
0,0.00
3,109.34
6,142.90
3,149.88
6,145.19
0,0.00
22,891.31
12,473.29
88,3198.31
51,1485.02
0,0.00
2,39.71
8,271.01
38,1065.33
61,1462.89
0,0.00
0,0.00
0,0.00
2,117.21
6,182.45
29,1107.11
67,3074.44
30,2278.85
26,715.99
72,2118.56
131,5609.86
39,1690.83
161,5449.81
17,413.06
1,22.80
4,125.36
0,0.00
48,2494.52
268,9624.38
16,819.59
0,0.00
3,133.16
27,1639.84
3,128.21
188,6034.74
271,7844.83
123,5972.71
118,6407.69
26,657.50
33,886.80
6,219.47
0,0.00
0,0.00
69,3700.14
23,726.06
40,1104.05
29,1224.36
0,0.00
2,40.86
6,151.64
24,563.48
4,182.16
1,34.94
21,1642.85
6,115.57
0,0.00
9,283.03
10,339.25
50,2626.78
27,675.71
11,386.42
0,0.00
10,345.70
0,0.00
227,7165.66
178,5425.59
41,1581.12
64,2889.00
0,0.00
43,1415.01
16,594.50
21,1349.47
0,0.00
0,0.00
13,299.11
40,1522.94
147,4093.82
11,426.99
4,290.58
9,315.75
12,509.07
70,3656.91
30,676.62
61,2205.78
110,4977.86
180,6911.72
42,1495.19
56,2043.44
72,2060.95
3,158.48
37,1450.01
0,0.00
23,892.36
0,0.00
0,0.00
0,0.00
23,944.58
3,173.48
0,0.00
8,477.69
25,921.33
31,1313.87
7,438.92
0,0.00
0,0.00
1,21.20
3,167.79
0,0.00
19,379.30
10,209.08
0,0.00
156,6215.64
57,2352.75
142,6363.47
1,101.94
20,559.17
0,0.00
2,279.64
4,203.10
0,0.00
65,1837.95
52,987.71
2,160.79
4,140.25
5,180.25
14,515.70
48,1640.89
7,301.46
6,245.65
28,1442.64
6,197.35
1,18.09
0,0.00
1,38.89
0,0.00
0,0.00
2,23.69
30,855.43
21,454.07
108,3848.13
102,3622.91
3,195.46
16,513.10
0,0.00
58,5359.76
40,1472.86
82,2613.77
0,0.00
0,0.00
51,1877.02
18,488.78
8,489.11
0,0.00
0,0.00
112,3182.00
13,439.71
0,0.00
47,2456.72
1,63.39
0,0.00
0,0.00
11,329.49
21,617.62
2,116.71
14,663.18
17,1063.44
2,110.36
3,44.71
0,0.00
17,766.95
0,0.00
0,0.00
0,0.00
10,419.37
0,0.00
66,3544.35
40,945.65
14,711.45
0,0.00
0,0.00
0,0.00
81,2608.19
68,3985.77
0,0.00
24,570.21
0,0.00
0,0.00
0,0.00
0,0.00
0,0.00
6,199.07
35,1440.18
4,229.28
7,167.26
52,2511.22
116,4806.37
15,630.27
8,207.28
32,1312.12
7,189.56
0,0.00
2,22.62
38,2228.96
2,29.81
0,0.00
0,0.00
0,0.00
5,113.38
0,0.00
0,0.00
0,0.00
1,42.34
96,3066.25
16,832.00
28,548.91
38,1545.24
6,211.37
17,532.98
0,0.00
0,0.00
0,0.00
16,265.04
4,146.81
10,398.95
2,20.06
0,0.00
0,0.00
160,4431.52
0,0.00
0,0.00
35,1553.63
0,0.00
0,0.00
12,264.62
11,296.62
0,0.00
42,1731.69
11,655.37
22,696.16
0,0.00
0,0.00
2,83.51
11,368.15
22,1012.39
0,0.00
13,501.51
53,2049.13
50,1540.12
64,2128.58
45,1427.60
86,2876.82
0,0.00
12,678.47
20,721.00
0,0.00
0,0.00
7,125.01
0,0.00
0,0.00
0,0.00
0,0.00
9,354.96
283,11450.79
253,7573.45
0,0.00
1,34.85
49,2129.93
36,1543.15
1,13.34
0,0.00
28,1085.76
6,153.15
156,6455.82
74,2358.61
99,4573.90
93,3478.94
0,0.00
37,1537.27
45,1389.33
6,145.49
49,1655.95
70,3142.88
12,575.36
6,165.54
0,0.00
13,362.14
85,3459.28
83,4037.40
28,1510.38
11,293.72
49,1506.66
73,2339.10
0,0.00
0,0.00
0,0.00
4,107.11
5,251.52
0,0.00
58,2098.58
14,298.68
0,0.00
0,0.00
0,0.00
0,0.00
0,0.00
10,236.20
10,503.02
0,0.00
1,36.79
17,408.27
9,215.20
0,0.00
0,0.00
56,2869.82
40,1069.65
57,2217.47
12,346.96
0,0.00
0,0.00
159,5927.75
211,6233.41
9,203.98
78,3999.40
47,2216.22
17,389.62
16,443.64
3,92.33
41,1949.77
5,58.00
9,581.13
0,0.00
0,0.00
0,0.00
8,194.86
15,518.37
7,445.67
0,0.00
0,0.00
0,0.00
0,0.00
26,1370.89
0,0.00
0,0.00
4,174.73
0,0.00
0,0.00
5,191.35
0,0.00
0,0.00
3,216.78
0,0.00
1,4.37
0,0.00
0,0.00
0,0.00
0,0.00
0,0.00
0,0.00
2,30.69
0,0.00
2,210.34
0,0.00
1,79.82
0,0.00
0,0.00
2,171.81
0,0.00
208,6977.56
2,101.57
16,1010.00
1,40.17
13,1359.77
0,0.00
1084,39868.93
286,9497.44
33,1517.03
0,0.00
27,858.17
41,1967.74
16,584.55
13,570.76
12,704.64
0,0.00
1,74.07
12,730.89
15,257.83
4,144.75
22,1187.72
16,597.75
27,892.31
31,1846.10
0,0.00
4,418.83
0,0.00
0,0.00
0,0.00
12,433.01
64,1914.02
23,615.96
2,44.34
8,437.63
10,334.83
41,1589.47
0,0.00
0,0.00
0,0.00
0,0.00
1,65.42
1,4.92
1,8.50
0,0.00
6,486.19
0,0.00
0,0.00
12,354.87
0,0.00
111,4651.91
101,2697.12
296,7210.29
427,10620.99
3,46.29
0,0.00
0,0.00
12,312.06
8,267.76
0,0.00
66,2856.77
0,0.00
0,0.00
26,829.95
70,2573.62
0,0.00
9,398.50
146,3669.03
161,3109.47
9,136.68
64,1367.80
5,122.07
0,0.00
246,6981.89
69,1852.93
3,50.03
0,0.00
0,0.00
91,2498.21
436,10842.35
239,7512.06
0,0.00
7,928.59
0,0.00
0,0.00
42,1360.76
35,648.89
0,0.00
0,0.00
10,119.35
12,214.37
16,494.45
1,17.97
8,294.48
19,391.53
36,1301.74
46,1801.14
25,932.67
0,0.00
0,0.00
0,0.00
0,0.00
0,0.00
1,17.39
0,0.00
0,0.00
0,0.00
2,33.52
0,0.00
0,0.00
2,27.02
3,165.31
0,0.00
19,817.73
13,498.09
0,0.00
0,0.00
2,74.59
0,0.00
0,0.00
3,53.73
13,917.59
183,7097.38
374,14585.76
42,1051.84
3,104.53
1,193.17
0,0.00
18,606.48
30,1514.30
42,1568.04
7,166.64
41,1241.51
24,821.53
79,2302.05
6,272.19
61,1989.84
74,2759.43
0,0.00
19,513.18
39,1203.37
33,772.25
0,0.00
11,337.62
22,540.31
0,0.00
0,0.00
0,0.00
0,0.00
0,0.00
36,960.24
5,155.82
145,3485.58
77,2026.05
119,2424.06
193,6288.67
40,1869.62
63,1821.10
16,739.30
41,1604.87
15,259.15
45,2339.42
0,0.00
8,557.09
0,0.00
0,0.00
0,0.00
0,0.00
5,399.27
0,0.00
0,0.00
46,1490.62
227,8233.44
29,909.65
261,8580.70
34,935.45
13,409.39
0,0.00
3,556.79
17,717.06
25,1038.40
10,294.28
11,688.70
13,799.73
0,0.00
0,0.00
0,0.00
0,0.00
0,0.00
1,80.55
16,924.72
0,0.00
0,0.00
3,126.96
11,518.70
103,3046.65
101,2464.88
11,635.15
0,0.00
175,6619.53
165,5769.85
145,6235.88
26,835.89
1,80.54
3,100.39
0,0.00
9,197.58
0,0.00
4,195.88
0,0.00
0,0.00
81,2827.29
68,2324.11
0,0.00
0,0.00
0,0.00
0,0.00
0,0.00
0,0.00
0,0.00
0,0.00
1,18.15
0,0.00
0,0.00
0,0.00
0,0.00
0,0.00
8,354.54
0,0.00
0,0.00
11,717.79
0,0.00
90,3329.90
15,694.53
0,0.00
3,95.86
0,0.00
7,374.61
5,321.47
7,326.04
0,0.00
3,74.39
0,0.00
31,1146.77
126,4290.80
0,0.00
1,130.95
11,323.67
9,203.40
10,522.93
96,3264.97
132,5560.34
12,256.94
0,0.00
13,478.54
26,991.25
32,860.32
6,540.82
0,0.00
351,15423.58
226,8113.96
1,6.37
0,0.00
13,470.16
0,0.00
58,2544.79
40,1269.67
2,22.96
0,0.00
14,390.88
75,2361.59
47,1448.51
20,513.50
0,0.00
13,417.74
11,616.24
0,0.00
0,0.00
0,0.00
0,0.00
9,190.86
0,0.00
127,3537.61
12,412.12
133,4509.19
56,2037.31
15,598.77
19,865.66
20,595.75
0,0.00
10,454.52
0,0.00
0,0.00
19,629.26
0,0.00
17,505.39
1,14.02
3,89.84
0,0.00
5,251.72
7,180.97
0,0.00
1,9.05
0,0.00
81,2795.07
19,720.60
6,82.94
9,214.90
4,62.76
14,639.85
23,966.21
0,0.00
18,604.31
0,0.00
15,391.97
95,4371.45
2,28.94
78,3193.03
77,2767.74
59,2686.69
35,1328.50
21,970.97
0,0.00
17,447.39
8,129.26
22,683.42
36,976.47
62,1892.86
101,3368.94
85,2179.74
67,1753.88
43,776.68
0,0.00
0,0.00
69,1780.54
77,2812.81
18,489.21
8,146.09
0,0.00
11,185.74
4,60.58
9,240.31
0,0.00
0,0.00
0,0.00
10,321.32
2,56.91
0,0.00
0,0.00
0,0.00
0,0.00
14,629.25
12,471.19
1726,57420.03
542,17091.51
1023,33087.07
78,3050.79
1,54.14
0,0.00
1,111.00
4,81.70
34,567.07
42,2065.47
79,1961.34
147,4118.87
124,3403.09
194,5157.48
158,3877.02
216,5943.23
0,0.00
4,182.73
0,0.00
0,0.00
0,0.00
0,0.00
32,1874.32
40,1540.77
72,1642.71
0,0.00
0,0.00
0,0.00
2,52.37
0,0.00
0,0.00
1,12.40
0,0.00
0,0.00
5,280.13
13,772.26
33,731.35
24,821.23
7,204.12
9,129.11
0,0.00
0,0.00
0,0.00
1,63.75
2,173.71
3,130.23
12,528.87
100,4641.26
135,3893.19
18,690.61
16,700.94
6,288.22
6,288.80
0,0.00
9,155.71
66,2849.45
68,2989.98
0,0.00
26,971.10
168,5473.16
69,3264.90
0,0.00
5,227.08
30,1633.83
2,87.82
7,332.26
0,0.00
12,402.06
109,4993.65
24,908.93
60,3520.50
0,0.00
19,778.46
2,130.67
8,352.93
0,0.00
31,935.46
0,0.00
14,258.66
6,372.17
11,256.52
0,0.00
8,195.63
25,915.68
12,522.09
1,95.25
2,105.47
22,958.65
15,638.40
0,0.00
0,0.00
0,0.00
4,260.43
0,0.00
0,0.00
93,4302.71
227,7944.03
34,912.58
153,3898.69
0,0.00
3,34.31
21,718.02
17,574.99
31,797.51
1,21.67
33,1103.23
16,785.87
3,74.21
0,0.00
18,882.66
81,2416.89
7,244.49
334,12715.73
33,809.73
143,5293.40
1,6.50
0,0.00
4,210.53
0,0.00
40,1619.80
0,0.00
38,1521.74
70,2792.50
6,55.89
42,1471.77
12,341.72
14,465.93
0,0.00
0,0.00
0,0.00
26,559.39
45,968.85
34,2678.31
0,0.00
0,0.00
11,830.07
0,0.00
0,0.00
0,0.00
4,71.80
35,1578.42
0,0.00
1,70.05
0,0.00
2,87.97
0,0.00
0,0.00
0,0.00
0,0.00
0,0.00
1,21.85
0,0.00
0,0.00
0,0.00
0,0.00
3,393.51
0,0.00
2,105.44
0,0.00
0,0.00
0,0.00
1,67.15
6,243.07
5,131.92
0,0.00
0,0.00
0,0.00
0,0.00
0,0.00
7,277.19
0,0.00
0,0.00
0,0.00
32,2902.43
0,0.00
21,1877.97
5,266.28
3,122.56
0,0.00
0,0.00
0,0.00
0,0.00
77,1989.93
65,2306.70
49,2399.05
23,881.68
54,936.60
37,1001.56
0,0.00
58,1893.38
4,249.25
50,2048.23
34,1366.26
1,51.00
0,0.00
0,0.00
0,0.00
2,28.66
4,111.08
6,188.02
14,1261.54
0,0.00
0,0.00
7,192.14
0,0.00
0,0.00
7,234.09
0,0.00
0,0.00
2,119.16
1,14.92
0,0.00
33,1223.25
4,152.08
0,0.00
0,0.00
0,0.00
37,1541.29
10,531.75
0,0.00
0,0.00
14,634.35
0,0.00
0,0.00
3,143.14
0,0.00
4,315.28
0,0.00
0,0.00
0,0.00
1,181.35
0,0.00
10,216.03
0,0.00
0,0.00
19,1267.58
0,0.00
29,880.65
93,2624.36
28,1186.58
81,2733.78
113,2874.87
78,2246.76
0,0.00
0,0.00
5,247.12
0,0.00
4,173.81
0,0.00
0,0.00
0,0.00
0,0.00
0,0.00
0,0.00
0,0.00
0,0.00
0,0.00
0,0.00
41,1004.57
0,0.00
3,58.86
12,295.14
174,5729.52
113,4134.43
0,0.00
3,89.34
5,156.43
0,0.00
22,1262.00
20,730.65
6,122.74
0,0.00
11,331.47
65,2480.80
144,5662.07
2,94.47
4,225.08
0,0.00
0,0.00
1,132.77
2,96.61
0,0.00
25,1390.65
36,2160.28
3,87.83
0,0.00
0,0.00
2,92.67
5,233.18
2,36.44
358,12697.38
44,959.48
0,0.00
2,37.01
0,0.00
58,2002.64
102,4352.56
23,1005.79
1,45.62
40,1032.22
16,489.62
81,3073.44
55,2515.15
67,3251.72
74,2260.47
14,313.10
52,1391.53
2,39.47
0,0.00
75,2345.72
236,7733.67
0,0.00
0,0.00
32,1145.81
36,1583.84
0,0.00
1,52.14
0,0.00
0,0.00
69,2202.45
6,45.60
2,154.56
1,104.34
35,1315.22
36,1184.26
24,946.58
22,938.82
0,0.00
0,0.00
0,0.00
0,0.00
0,0.00
37,861.29
24,790.90
18,638.04
0,0.00
17,592.06
47,1465.31
0,0.00
0,0.00
0,0.00
3,124.54
40,1305.40
41,1798.60
0,0.00
0,0.00
8,233.58
3,68.31
230,7975.81
40,1093.87
0,0.00
0,0.00
153,4597.75
95,4212.65
44,2810.21
68,1962.14
8,166.84
0,0.00
180,5357.95
340,12275.33
152,5647.66
0,0.00
1,149.09
0,0.00
12,375.31
2,201.57
0,0.00
0,0.00
40,1631.28
8,425.14
0,0.00
14,946.83
0,0.00
98,4190.19
174,5187.26
1,4.30
3,66.64
120,4182.32
21,943.05
0,0.00
100,3139.39
55,2279.95
0,0.00
4,50.03
3,82.83
1,15.79
0,0.00
10,497.53
8,159.84
9,376.90
0,0.00
0,0.00
11,406.72
1,42.30
3,196.83
0,0.00
0,0.00
19,629.86
0,0.00
45,1848.90
76,4480.23
0,0.00
2,136.22
0,0.00
121,4450.36
53,1422.81
280,8317.22
341,13837.43
0,0.00
244,9110.34
339,9648.35
0,0.00
0,0.00
18,2044.52
0,0.00
48,4362.33
46,2612.94
0,0.00
0,0.00
2,177.89
3,94.26
40,1623.50
0,0.00
1,9.59
0,0.00
42,802.49
40,1110.15
9,336.01
0,0.00
124,3779.46
45,837.96
11,452.22
0,0.00
0,0.00
0,0.00
0,0.00
14,651.94
18,543.74
20,1001.90
1,47.32
2,25.62
47,1617.92
0,0.00
0,0.00
2,59.62
13,731.19
0,0.00
1,87.57
32,1962.70
27,898.46
0,0.00
2,35.36
0,0.00
10,279.30
9,397.41
0,0.00
46,2313.88
0,0.00
0,0.00
17,859.74
56,1615.57
181,3685.66
121,6536.21
0,0.00
2,54.11
7,175.87
0,0.00
0,0.00
0,0.00
237,4745.97
138,2134.61
0,0.00
16,699.29
0,0.00
0,0.00
60,1914.56
122,2379.03
0,0.00
11,519.85
6,288.39
21,750.39
1,97.54
1,13.59
0,0.00
106,3249.54
26,1046.27
10,385.08
0,0.00
29,1509.31
0,0.00
19,839.31
0,0.00
11,536.94
0,0.00
0,0.00
0,0.00
52,2185.57
70,3477.41
0,0.00
0,0.00
1,15.60
0,0.00
0,0.00
0,0.00
5,122.23
0,0.00
0,0.00
0,0.00
1,106.10
0,0.00
35,1295.50
191,4826.94
188,4963.36
208,4303.68
515,11351.76
698,16865.96
8,140.11
101,2943.03
0,0.00
33,484.53
263,6783.80
144,4198.63
64,2250.09
0,0.00
175,3998.79
22,478.44
273,6854.30
749,16418.89
214,5227.92
852,20451.30
0,0.00
0,0.00
0,0.00
9,447.96
113,3785.26
126,3324.18
0,0.00
1,22.12
0,0.00
0,0.00
0,0.00
0,0.00
1,102.82
2,115.72
34,895.78
0,0.00
0,0.00
1,126.05
0,0.00
143,4809.63
97,2233.85
0,0.00
6,97.40
20,578.55
4,151.33
20,838.67
0,0.00
0,0.00
0,0.00
0,0.00
24,776.68
0,0.00
31,942.24
29,996.26
0,0.00
5,133.90
0,0.00
0,0.00
0,0.00
0,0.00
0,0.00
6,231.29
1,29.64
2,143.84
0,0.00
0,0.00
1,41.15
2,77.49
7,354.69
0,0.00
0,0.00
0,0.00
3,115.44
0,0.00
3,155.11
1,11.34
81,4135.69
1,107.32
0,0.00
115,4607.44
60,2384.88
180,6282.79
322,9880.79
217,5812.81
118,3081.65
78,2667.52
87,3157.86
11,516.15
0,0.00
0,0.00
0,0.00
0,0.00
3,124.53
81,2963.01
44,1269.35
0,0.00
30,1756.38
0,0.00
3,112.79
17,842.12
35,1573.52
32,1660.80
72,2432.59
37,1580.56
0,0.00
0,0.00
5,87.63
23,825.93
50,1331.20
147,4587.03
75,2587.52
120,3262.33
52,1571.84
180,6206.27
9,196.63
0,0.00
1,24.47
48,1531.13
1,25.42
0,0.00
1,45.65
0,0.00
0,0.00
3,194.68
0,0.00
7,253.16
10,359.72
11,565.15
59,2303.99
6,166.34
201,9167.93
235,8014.69
0,0.00
3,98.58
2,90.72
5,111.45
44,1035.12
18,355.53
0,0.00
0,0.00
1,65.87
1,43.77
1,51.39
0,0.00
0,0.00
5,57.20
18,553.61
0,0.00
0,0.00
0,0.00
3,197.28
29,1266.01
17,426.92
0,0.00
39,1620.13
0,0.00
0,0.00
20,963.50
6,291.47
15,379.63
0,0.00
0,0.00
0,0.00
0,0.00
0,0.00
0,0.00
0,0.00
1,13.12
4,242.66
0,0.00
0,0.00
20,750.17
10,414.10
194,7284.58
12,217.71
6,229.19
41,770.34
0,0.00
2,69.67
0,0.00
0,0.00
118,2778.94
59,1978.80
10,241.27
0,0.00
0,0.00
0,0.00
0,0.00
38,2677.94
39,3042.00
0,0.00
0,0.00
0,0.00
0,0.00
5,122.30
19,587.30
0,0.00
0,0.00
0,0.00
0,0.00
0,0.00
1,31.25
20,669.87
0,0.00
51,1980.95
32,776.14
0,0.00
24,647.76
2,48.76
27,1146.81
4,190.26
24,2001.14
6,349.40
2,70.04
0,0.00
37,990.33
4,146.45
82,3902.54
18,899.96
17,1334.12
1,35.82
0,0.00
6,70.89
9,363.43
0,0.00
9,774.39
11,1015.23
8,140.06
2,198.39
29,1175.55
59,1963.61
26,822.69
80,3845.53
63,4089.91
26,1096.05
0,0.00
7,232.02
6,238.04
34,1852.71
55,1232.12
0,0.00
0,0.00
0,0.00
0,0.00
150,6307.21
0,0.00
2,70.37
9,534.76
0,0.00
0,0.00
0,0.00
25,763.32
0,0.00
17,882.34
0,0.00
7,306.82
0,0.00
10,298.40
16,1065.30
0,0.00
5,381.42
0,0.00
2,80.02
1,98.64
0,0.00
0,0.00
0,0.00
0,0.00
0,0.00
1,56.79
1,34.54
3,165.08
108,5076.62
55,1897.80
100,4560.60
0,0.00
10,264.28
33,1241.18
8,115.91
0,0.00
0,0.00
0,0.00
0,0.00
14,638.26
8,489.33
0,0.00
15,554.62
6,242.19
0,0.00
8,350.91
288,10478.43
57,1799.81
266,10164.49
298,10197.30
35,684.40
7,86.81
82,3252.57
38,1128.00
0,0.00
0,0.00
74,2621.90
32,817.99
188,7732.15
86,3381.32
3,47.39
0,0.00
0,0.00
7,375.24
0,0.00
7,184.17
0,0.00
68,2362.23
68,2969.53
17,453.02
0,0.00
0,0.00
0,0.00
140,3952.54
77,2390.73
9,404.96
0,0.00
0,0.00
0,0.00
5,117.65
21,617.44
0,0.00
2,44.86
5,92.37
19,513.28
101,4051.49
33,1246.69
0,0.00
0,0.00
0,0.00
15,471.18
5,328.73
0,0.00
169,7321.79
304,12131.84
10,577.73
4,301.73
0,0.00
32,1308.09
148,4171.40
0,0.00
60,3111.78
37,1807.50
32,1484.89
78,3903.11
46,1350.17
69,2152.91
0,0.00
3,29.36
0,0.00
1,15.09
83,2582.45
0,0.00
93,3287.63
75,2683.85
156,6400.38
50,1658.78
155,6310.10
140,6890.41
0,0.00
78,2563.03
269,7457.79
251,9546.42
125,5229.00
0,0.00
16,342.05
8,138.53
15,471.83
0,0.00
1,73.95
1,7.87
0,0.00
134,6078.70
80,2999.85
161,5275.53
0,0.00
7,163.59
79,3754.83
9,392.85
0,0.00
1,23.57
0,0.00
0,0.00
0,0.00
0,0.00
0,0.00
0,0.00
0,0.00
0,0.00
9,336.45
28,1318.18
0,0.00
2,34.16
9,309.95
0,0.00
0,0.00
0,0.00
0,0.00
0,0.00
6,333.92
209,9443.07
32,1602.32
0,0.00
35,1003.83
1,31.17
0,0.00
0,0.00
23,331.24
0,0.00
15,582.78
24,1242.76
13,600.93
17,527.47
108,5623.24
26,1742.37
24,1089.60
41,1290.34
32,793.61
6,107.97
13,326.19
13,336.88
16,437.10
0,0.00
9,150.83
0,0.00
183,6841.17
43,2553.21
77,4087.99
103,4252.59
1,14.79
0,0.00
0,0.00
18,248.68
0,0.00
1,22.82
0,0.00
1,47.49
6,160.14
9,183.75
24,1282.18
126,6161.25
17,916.07
0,0.00
0,0.00
0,0.00
0,0.00
0,0.00
55,2381.30
14,913.08
0,0.00
0,0.00
13,414.36
0,0.00
0,0.00
0,0.00
236,11251.33
1,8.60
7,763.89
35,821.57
0,0.00
64,2039.43
63,1944.28
13,406.98
0,0.00
12,301.81
0,0.00
0,0.00
6,187.92
2,27.24
0,0.00
67,2857.14
46,2706.08
75,3072.75
21,723.89
11,819.09
0,0.00
2,25.24
8,153.39
197,5720.12
200,5696.36
0,0.00
115,5179.32
136,5452.95
6,391.34
0,0.00
0,0.00
4,177.53
30,1165.85
10,369.98
16,593.17
32,740.96
0,0.00
0,0.00
0,0.00
0,0.00
4,132.21
0,0.00
0,0.00
1,25.94
2,30.42
0,0.00
4,173.11
0,0.00
4,172.10
19,1333.95
0,0.00
36,1249.22
30,1127.58
0,0.00
64,2981.64
24,1600.09
11,316.82
8,155.96
18,329.23
2,113.71
2,44.41
0,0.00
0,0.00
0,0.00
7,287.72
8,186.74
7,231.41
201,6905.09
307,8606.84
14,417.25
134,4813.70
0,0.00
11,325.80
0,0.00
140,5572.48
46,1980.70
93,3761.69
0,0.00
0,0.00
0,0.00
12,612.22
0,0.00
117,3650.41
75,2410.20
37,1580.80
19,1056.43
54,1322.57
36,1479.88
19,681.86
1,48.84
0,0.00
9,361.90
25,1360.56
27,1452.89
7,485.36
30,1181.87
17,553.04
16,540.89
53,1709.15
189,6796.82
65,2466.62
18,798.19
13,495.86
2,38.76
6,222.84
66,2721.49
55,1881.59
0,0.00
24,1047.03
53,1908.96
21,1122.77
73,2443.18
52,2372.82
47,3050.92
38,3336.40
1,71.02
0,0.00
95,2347.32
65,1881.95
11,412.97
47,2173.91
90,3746.04
0,0.00
399,16105.55
110,5006.17
58,2764.44
317,11881.44
123,4940.81
192,7831.18
89,2758.02
114,3024.52
173,5874.35
321,11867.12
166,6671.87
309,8637.12
69,1865.07
174,5865.85
175,6323.99
296,10380.23
231,8137.78
0,0.00
0,0.00
106,2531.45
0,0.00
3,159.56
1,145.29
16,429.32
11,441.25
25,500.40
91,2348.85
3,79.21
0,0.00
5,141.03
0,0.00
5,211.15
8,529.33
14,215.22
41,1527.02
53,2466.06
12,1052.74
0,0.00
7,281.51
0,0.00
28,842.16
0,0.00
0,0.00
0,0.00
0,0.00
193,7046.93
127,4818.59
1,17.09
0,0.00
26,1267.65
14,994.01
0,0.00
14,1125.94
428,16555.67
472,19647.43
0,0.00
0,0.00
0,0.00
0,0.00
0,0.00
0,0.00
34,1141.26
33,1038.81
0,0.00
0,0.00
0,0.00
1,76.04
127,2820.81
189,4390.75
25,1009.42
131,5064.52
9,133.91
0,0.00
60,2106.82
0,0.00
0,0.00
0,0.00
7,116.89
48,1588.63
0,0.00
0,0.00
46,2200.15
0,0.00
0,0.00
25,1692.93
0,0.00
2,35.62
0,0.00
2,131.14
0,0.00
0,0.00
28,992.23
0,0.00
4,68.76
3,107.99
0,0.00
16,1227.37
11,983.27
0,0.00
6,144.07
0,0.00
7,204.12
224,5395.36
55,1879.84
14,253.66
0,0.00
0,0.00
0,0.00
2,44.31
0,0.00
125,4111.42
48,2057.06
0,0.00
0,0.00
0,0.00
0,0.00
0,0.00
1,10.65
0,0.00
8,238.53
33,1686.76
5,95.02
0,0.00
3,78.29
24,1427.79
30,1384.38
0,0.00
0,0.00
1,153.00
0,0.00
5,94.68
0,0.00
8,190.56
14,421.25
32,1001.04
6,215.27
0,0.00
0,0.00
1,62.30
0,0.00
1,70.10
0,0.00
0,0.00
0,0.00
9,1081.03
3,59.29
1,15.60
27,572.97
21,1272.29
21,1197.12
2,156.06
0,0.00
6,98.70
3,60.08
0,0.00
38,2148.16
39,1652.18
3,219.64
0,0.00
51,1477.49
13,493.03
17,765.74
2,44.41
0,0.00
0,0.00
1,12.90
12,522.72
0,0.00
23,530.48
10,434.37
1,83.74
0,0.00
0,0.00
0,0.00
15,1518.31
180,5913.23
171,6147.96
0,0.00
8,268.83
93,2442.33
27,482.80
10,328.80
4,317.60
0,0.00
10,632.72
0,0.00
18,534.48
0,0.00
0,0.00
146,4600.59
19,632.81
24,497.70
0,0.00
0,0.00
36,1980.83
173,4757.47
392,14031.12
18,528.68
106,6346.58
3,19.91
0,0.00
17,526.96
84,2434.78
0,0.00
33,1361.11
6,249.10
0,0.00
70,2841.42
26,881.34
195,6798.50
142,3583.58
11,230.07
0,0.00
0,0.00
0,0.00
20,715.77
0,0.00
48,1743.19
64,3266.68
7,315.12
8,277.88
19,1049.35
18,827.14
34,1648.35
16,709.07
9,634.73
10,160.92
50,1874.55
3,243.34
3,225.01
9,322.28
1,63.34
0,0.00
0,0.00
0,0.00
2,139.29
1,183.69
0,0.00
11,492.12
105,3326.04
29,983.76
10,620.23
61,1644.04
87,2353.56
48,1446.36
1,75.02
6,252.80
15,827.88
13,564.93
1,22.57
1,169.04
0,0.00
1,182.74
18,572.33
3,118.83
0,0.00
0,0.00
6,149.02
0,0.00
0,0.00
7,133.94
30,805.30
77,3196.94
21,971.57
34,2113.16
0,0.00
0,0.00
0,0.00
75,3292.53
10,495.22
0,0.00
74,3163.98
24,515.30
0,0.00
3,52.78
0,0.00
0,0.00
0,0.00
0,0.00
0,0.00
23,795.18
6,358.82
3,307.71
0,0.00
16,275.06
52,2032.84
1,37.10
13,382.59
1,42.80
8,133.06
89,3273.15
0,0.00
4,536.51
0,0.00
0,0.00
0,0.00
12,427.32
0,0.00
0,0.00
18,295.83
6,200.12
12,423.69
106,3423.44
74,2239.00
172,7473.01
0,0.00
0,0.00
0,0.00
0,0.00
0,0.00
2,156.97
20,961.85
0,0.00
165,5262.13
50,1330.83
0,0.00
0,0.00
0,0.00
0,0.00
13,630.98
0,0.00
4,87.36
0,0.00
1,73.80
0,0.00
1,16.07
0,0.00
7,427.17
96,3458.75
1,5.30
0,0.00
11,632.35
49,2120.98
0,0.00
0,0.00
1,97.25
0,0.00
0,0.00
0,0.00
0,0.00
0,0.00
0,0.00
18,797.10
27,874.66
37,1234.76
61,2469.20
0,0.00
15,399.50
78,3580.44
35,1885.12
33,1175.59
15,412.88
3,79.49
4,68.71
0,0.00
0,0.00
1,16.90
12,400.69
0,0.00
61,2434.15
0,0.00
0,0.00
0,0.00
24,926.11
0,0.00
0,0.00
22,1179.09
0,0.00
1,6.20
0,0.00
0,0.00
0,0.00
0,0.00
0,0.00
0,0.00
4,105.46
0,0.00
0,0.00
0,0.00
0,0.00
0,0.00
0,0.00
41,3292.52
2,76.61
28,1022.36
40,2254.41
0,0.00
0,0.00
0,0.00
0,0.00
0,0.00
0,0.00
0,0.00
0,0.00
1,114.52
15,621.57
1,49.97
0,0.00
2,96.51
33,2513.87
0,0.00
17,1098.74
0,0.00
8,919.36
1,75.64
0,0.00
14,907.54
0,0.00
0,0.00
1,57.90
0,0.00
16,933.82
2,154.47
10,450.32
0,0.00
5,114.78
0,0.00
4,335.83
0,0.00
2,34.32
2,25.87
3,242.06
0,0.00
0,0.00
1,11.34
0,0.00
73,4978.70
15,283.93
28,1363.91
0,0.00
0,0.00
0,0.00
1,97.79
9,308.25
6,279.52
0,0.00
0,0.00
0,0.00
0,0.00
0,0.00
4,40.70
2,10.17
0,0.00
1,37.27
2,76.21
4,148.35
1,116.85
0,0.00
0,0.00
1,4.02
2,124.96
17,982.89
0,0.00
11,958.88
0,0.00
0,0.00
0,0.00
2,19.47
0,0.00
246,9112.19
120,2833.11
0,0.00
0,0.00
0,0.00
0,0.00
5,292.70
0,0.00
4,43.45
0,0.00
0,0.00
53,2557.69
43,1506.98
12,674.34
0,0.00
3,159.36
49,1587.41
14,531.59
12,616.11
0,0.00
3,136.53
0,0.00
0,0.00
0,0.00
6,169.69
34,1028.33
4,110.43
2,26.12
3,54.18
0,0.00
4,82.73
7,223.97
14,457.13
0,0.00
0,0.00
0,0.00
0,0.00
0,0.00
1,7.67
25,969.30
22,1545.82
50,1512.32
4,61.50
7,317.16
0,0.00
0,0.00
1,90.92
195,5277.93
218,6929.07
0,0.00
32,1415.34
30,1471.37
0,0.00
0,0.00
0,0.00
0,0.00
0,0.00
0,0.00
99,3509.90
14,364.31
225,7533.48
339,11736.82
149,6562.99
416,12687.28
5,223.68
0,0.00
128,3921.44
0,0.00
348,11533.47
206,7458.96
17,385.77
112,4056.87
4,196.40
11,334.32
0,0.00
3,262.86
0,0.00
0,0.00
59,941.05
0,0.00
21,390.57
0,0.00
0,0.00
0,0.00
612,21494.85
14,801.13
0,0.00
0,0.00
4,248.78
0,0.00
22,534.78
4,66.40
0,0.00
0,0.00
0,0.00
39,1749.26
50,2262.56
0,0.00
0,0.00
0,0.00
0,0.00
0,0.00
24,286.57
28,646.91
0,0.00
51,2128.17
277,10825.12
0,0.00
0,0.00
8,1104.17
0,0.00
24,894.11
46,1406.36
28,982.63
34,949.05
6,167.27
0,0.00
80,2100.32
70,3706.89
20,814.53
0,0.00
19,904.89
29,2066.61
10,323.93
11,1054.84
3,98.91
28,785.39
2,176.74
207,7237.79
95,2744.27
0,0.00
0,0.00
13,566.16
0,0.00
4,196.80
13,827.13
0,0.00
1,9.64
0,0.00
47,2678.89
103,4973.67
94,4594.15
0,0.00
1,96.72
14,636.11
0,0.00
0,0.00
0,0.00
1,78.40
7,414.12
17,1216.87
28,1949.07
9,332.10
6,315.02
0,0.00
3,218.94
0,0.00
0,0.00
260,8590.05
155,6469.68
228,8071.46
0,0.00
0,0.00
8,293.83
3,251.19
21,365.84
0,0.00
0,0.00
0,0.00
10,548.83
76,2290.14
177,6478.61
3,130.69
3,136.06
23,377.93
84,12341.26
2,53.24
2,170.84
0,0.00
0,0.00
35,1518.55
108,5372.12
1507,49838.36
21,1456.23
0,0.00
1,21.05
0,0.00
5,186.75
28,533.08
6,262.62
637,19865.72
32,871.84
0,0.00
123,2650.77
632,22306.18
1,30.94
0,0.00
0,0.00
6,49.57
23,934.49
11,342.10
9,622.93
7,89.07
0,0.00
2,53.37
8,324.98
21,1087.20
7,261.79
0,0.00
0,0.00
45,2789.96
12,462.06
0,0.00
2,118.49
0,0.00
0,0.00
6,551.59
0,0.00
0,0.00
11,334.22
36,660.27
7,190.52
15,279.52
0,0.00
26,971.85
108,4805.43
0,0.00
25,647.15
6,318.44
6,76.20
0,0.00
46,854.81
15,634.57
131,3758.30
52,979.63
0,0.00
0,0.00
5,137.57
0,0.00
0,0.00
31,2809.92
26,1693.65
0,0.00
94,2619.83
77,2334.49
44,2228.43
3,47.19
0,0.00
0,0.00
0,0.00
21,550.09
3,197.03
0,0.00
0,0.00
0,0.00
9,662.05
0,0.00
0,0.00
0,0.00
0,0.00
33,1019.09
1,14.75
8,322.36
0,0.00
2,24.57
0,0.00
18,769.89
22,1116.87
0,0.00
9,560.41
166,7665.11
390,15441.43
0,0.00
15,451.50
90,5192.49
0,0.00
22,727.97
4,157.66
3,84.78
0,0.00
65,3815.66
50,1774.40
40,1429.98
0,0.00
0,0.00
17,575.39
0,0.00
0,0.00
59,2181.83
11,694.92
5,216.52
0,0.00
0,0.00
33,749.26
16,336.84
0,0.00
0,0.00
4,91.50
21,392.07
0,0.00
6,54.07
0,0.00
13,658.03
4,332.60
2,115.47
0,0.00
42,1718.36
7,306.11
0,0.00
3,107.86
8,753.77
0,0.00
0,0.00
0,0.00
63,1881.11
112,4226.35
82,3794.16
0,0.00
11,312.77
4,182.03
0,0.00
3,130.76
13,432.88
0,0.00
0,0.00
6,296.39
0,0.00
4,147.36
0,0.00
6,287.79
4,316.16
0,0.00
15,675.80
0,0.00
0,0.00
0,0.00
48,2095.27
40,2265.07
0,0.00
18,1261.29
0,0.00
4,227.93
2,108.96
9,404.65
8,454.26
0,0.00
9,185.13
29,1083.38
26,805.19
186,7713.67
101,3209.67
0,0.00
0,0.00
2,119.47
1,13.70
31,1156.64
104,3346.53
3,404.71
0,0.00
0,0.00
0,0.00
50,2149.68
59,1664.96
93,3521.26
60,2018.57
0,0.00
5,89.12
0,0.00
35,877.20
46,868.31
11,409.57
22,812.14
0,0.00
0,0.00
1,5.30
38,1374.08
0,0.00
0,0.00
0,0.00
0,0.00
0,0.00
0,0.00
0,0.00
0,0.00
0,0.00
10,487.67
113,2897.97
21,1835.47
203,5504.94
103,3761.06
16,777.10
0,0.00
103,4247.94
172,5570.63
55,1928.07
8,301.46
4,148.61
0,0.00
3,106.99
13,449.69
23,911.03
0,0.00
9,397.16
8,211.78
0,0.00
0,0.00
3,79.26
4,103.55
0,0.00
30,741.92
0,0.00
8,462.63
132,6337.12
137,3484.73
75,2050.65
1,22.27
20,632.52
9,442.96
71,3089.15
1,52.14
0,0.00
0,0.00
63,1835.40
152,3565.23
70,2834.90
104,2973.67
98,3024.85
0,0.00
18,471.88
0,0.00
0,0.00
132,4575.86
154,4353.68
1,139.99
6,214.09
1,21.02
7,149.86
0,0.00
0,0.00
8,282.46
88,2228.93
36,992.96
0,0.00
6,263.29
0,0.00
0,0.00
0,0.00
0,0.00
0,0.00
0,0.00
12,284.87
0,0.00
1,21.29
144,4878.37
150,4648.24
19,740.53
14,927.45
0,0.00
6,192.94
0,0.00
1,55.65
0,0.00
0,0.00
10,273.65
360,12157.02
0,0.00
170,4894.10
205,6459.13
0,0.00
0,0.00
14,774.53
10,360.73
0,0.00
0,0.00
0,0.00
0,0.00
0,0.00
0,0.00
0,0.00
4,168.58
0,0.00
0,0.00
0,0.00
1,44.55
0,0.00
1,15.54
1,23.52
0,0.00
0,0.00
10,385.32
0,0.00
43,1558.68
29,723.66
0,0.00
5,138.72
0,0.00
114,5908.27
92,2976.30
163,5700.09
36,1416.14
28,1351.49
25,798.05
0,0.00
63,2408.80
8,290.31
38,1442.81
4,68.43
45,1413.94
0,0.00
0,0.00
110,3603.32
276,8854.54
5,291.18
0,0.00
6,209.47
17,454.49
2,100.31
38,1205.58
0,0.00
0,0.00
0,0.00
58,1925.38
40,1611.38
55,1970.60
209,6021.45
149,4375.84
8,424.54
0,0.00
0,0.00
3,22.43
164,4309.47
390,7719.98
0,0.00
0,0.00
2,45.26
0,0.00
8,219.34
0,0.00
44,1945.13
90,4234.88
0,0.00
0,0.00
318,15529.16
7,417.71
0,0.00
0,0.00
13,368.78
2,97.27
0,0.00
0,0.00
23,853.14
8,125.69
0,0.00
8,704.36
0,0.00
7,390.76
25,637.78
1,18.79
0,0.00
0,0.00
34,934.63
67,3231.16
0,0.00
40,1453.99
9,659.68
3,154.39
6,207.85
4,78.38
0,0.00
2,199.71
14,704.98
30,886.73
0,0.00
1,184.42
10,205.77
206,7744.47
2,192.12
14,538.55
41,1785.82
0,0.00
13,248.18
83,3128.38
269,9256.01
252,6484.52
192,5161.67
40,1938.38
0,0.00
10,309.43
1,8.85
0,0.00
79,2683.90
40,987.50
0,0.00
4,230.81
0,0.00
0,0.00
0,0.00
0,0.00
3,68.54
12,1045.61
0,0.00
0,0.00
18,989.94
16,558.42
5,160.27
4,217.31
0,0.00
4,54.23
0,0.00
2,32.42
0,0.00
58,1717.48
23,893.69
0,0.00
0,0.00
0,0.00
17,639.16
9,490.80
4,310.33
16,991.80
0,0.00
7,122.76
0,0.00
0,0.00
2,43.14
0,0.00
260,8858.03
23,1107.13
23,931.08
19,397.68
17,383.29
0,0.00
0,0.00
0,0.00
0,0.00
0,0.00
2,185.46
3,131.98
2,201.91
4,25.95
46,1991.20
7,240.22
289,13271.58
45,1694.63
67,3193.22
13,379.84
241,8600.92
736,28614.39
18,539.66
29,1364.46
1,15.34
1,13.97
17,915.72
1,17.60
19,691.45
11,580.15
33,1714.31
15,1046.38
2,47.54
43,955.48
0,0.00
3,77.76
0,0.00
0,0.00
7,222.24
236,7273.16
290,9214.50
60,1356.05
3,261.59
24,1600.93
0,0.00
0,0.00
0,0.00
0,0.00
3,287.83
112,4465.59
50,2197.13
0,0.00
3,65.91
1,54.85
81,3188.68
52,1694.61
177,6267.23
6,195.62
0,0.00
16,510.07
0,0.00
2,71.91
1,183.74
19,778.43
0,0.00
0,0.00
0,0.00
21,928.30
3,199.94
39,1608.38
4,81.20
0,0.00
19,743.25
0,0.00
221,8725.22
107,4169.60
0,0.00
1,19.40
92,4908.80
34,1244.91
9,165.51
14,457.46
0,0.00
0,0.00
22,1155.62
7,215.97
7,457.47
3,55.11
17,379.52
13,509.86
31,1632.07
233,8277.40
67,1809.16
181,5796.71
174,7575.03
160,6192.26
6,223.95
77,2090.54
0,0.00
2,120.92
0,0.00
459,16823.24
0,0.00
259,8811.99
51,1770.42
152,5133.59
54,1513.53
95,2568.22
103,3486.11
65,1866.91
76,2417.99
0,0.00
0,0.00
29,968.20
61,2570.25
250,10554.97
0,0.00
0,0.00
78,1946.03
58,1566.39
0,0.00
0,0.00
1,8.60
0,0.00
0,0.00
0,0.00
37,1957.61
211,6379.29
0,0.00
0,0.00
78,3462.49
28,884.10
0,0.00
4,205.56
0,0.00
0,0.00
0,0.00
17,675.99
16,581.40
0,0.00
0,0.00
0,0.00
0,0.00
199,8896.61
45,2507.11
7,303.71
16,544.04
131,6749.16
85,4400.46
24,781.43
162,7896.95
76,4395.51
89,3443.57
13,347.39
278,12986.04
127,2890.63
3,39.64
112,4383.96
32,1359.35
1016,39641.42
33,1449.18
0,0.00
5,487.78
0,0.00
36,2272.60
83,2698.62
23,650.44
297,10099.44
138,5264.04
176,4656.61
56,1396.33
0,0.00
2,8.99
0,0.00
0,0.00
33,993.23
45,1771.03
91,3530.88
0,0.00
43,1072.32
2,93.27
2,146.92
0,0.00
3,214.13
0,0.00
0,0.00
0,0.00
20,384.97
0,0.00
3,113.94
33,1339.79
209,8923.73
0,0.00
1,15.35
89,3814.46
79,4254.47
0,0.00
0,0.00
0,0.00
1,58.49
0,0.00
23,574.96
9,245.33
42,1990.24
58,2404.63
33,1543.02
32,1081.01
21,626.89
16,527.72
0,0.00
12,227.34
44,2743.19
37,863.72
85,3184.75
519,17334.19
121,4199.19
16,775.35
26,1400.42
170,6095.32
315,10181.26
0,0.00
0,0.00
10,380.23
123,3650.56
2,56.92
20,677.10
25,1144.76
57,1865.41
0,0.00
0,0.00
0,0.00
0,0.00
2,20.71
0,0.00
30,1326.05
69,2591.31
518,15913.13
171,6313.11
0,0.00
1,42.92
0,0.00
0,0.00
2,89.01
0,0.00
2,43.89
27,1665.22
0,0.00
0,0.00
2,131.47
1,59.87
0,0.00
10,337.65
23,821.01
0,0.00
1,10.10
7,391.72
0,0.00
0,0.00
8,158.31
8,284.11
0,0.00
0,0.00
0,0.00
1,117.97
5,512.00
11,737.94
28,2153.54
89,4146.84
13,882.41
30,901.40
0,0.00
14,432.20
26,1652.47
0,0.00
14,684.06
18,852.68
69,3064.21
9,241.73
0,0.00
35,2598.21
34,1398.75
0,0.00
0,0.00
0,0.00
2,91.07
0,0.00
17,827.02
13,446.08
6,144.75
0,0.00
13,621.93
42,1171.96
0,0.00
0,0.00
158,5628.37
57,2601.99
78,3465.39
72,3229.16
16,981.42
33,1390.38
178,8281.06
130,11382.17
17,663.24
85,3576.87
78,2584.89
105,4214.33
0,0.00
0,0.00
0,0.00
35,1019.02
0,0.00
0,0.00
125,4539.04
198,6305.65
197,5583.21
88,2112.15
0,0.00
5,252.28
0,0.00
0,0.00
6,395.94
63,2284.79
8,322.58
13,381.93
5,280.85
0,0.00
16,856.42
21,688.04
3,159.74
13,484.49
12,530.89
28,1126.08
11,286.62
168,8368.01
23,1060.99
14,603.86
4,263.35
0,0.00
4,170.15
1,15.12
4,98.31
5,286.77
0,0.00
8,401.44
0,0.00
10,596.13
4,286.30
0,0.00
0,0.00
4,227.71
0,0.00
15,574.57
15,799.53
0,0.00
5,284.48
0,0.00
0,0.00
203,7336.96
100,4449.06
0,0.00
0,0.00
0,0.00
9,199.16
0,0.00
4,56.45
40,1152.05
0,0.00
0,0.00
0,0.00
0,0.00
69,2866.81
26,879.54
56,2314.64
0,0.00
0,0.00
6,305.67
0,0.00
2,43.22
0,0.00
0,0.00
29,1186.66
2,130.36
29,1332.29
1,82.02
0,0.00
15,1136.45
1,25.57
0,0.00
1,22.80
57,2499.54
57,1453.04
223,8836.73
93,2746.16
59,1760.18
38,1914.99
133,6684.87
0,0.00
4,154.30
3,103.31
12,292.74
4,183.51
0,0.00
2,53.31
14,373.98
0,0.00
0,0.00
2,22.57
0,0.00
0,0.00
3,62.14
0,0.00
411,15366.12
208,5787.89
122,4178.63
18,494.59
0,0.00
2,122.67
0,0.00
0,0.00
0,0.00
0,0.00
0,0.00
0,0.00
0,0.00
0,0.00
0,0.00
0,0.00
0,0.00
0,0.00
0,0.00
3,276.44
17,774.02
727,19504.24
583,17811.82
45,3539.56
0,0.00
90,2883.29
16,722.29
0,0.00
0,0.00
10,748.40
43,3334.80
15,464.87
2,38.16
0,0.00
5,126.38
5,210.25
20,977.33
2,95.19
16,589.67
2,169.49
53,1409.97
21,1544.53
1,67.85
0,0.00
1,17.59
0,0.00
14,1122.28
0,0.00
0,0.00
43,2035.71
11,290.85
0,0.00
23,695.74
31,1225.45
5,463.13
17,337.44
16,825.24
29,1244.45
1,108.62
19,1027.38
6,625.17
0,0.00
21,1354.15
0,0.00
3,44.11
0,0.00
0,0.00
3,21.98
0,0.00
108,3997.66
122,3983.73
57,1580.53
8,203.24
0,0.00
6,261.94
7,188.31
55,1681.89
0,0.00
0,0.00
10,362.17
0,0.00
0,0.00
0,0.00
21,938.80
0,0.00
0,0.00
2,51.81
0,0.00
0,0.00
1,10.10
0,0.00
4,207.31
32,1698.86
189,5656.09
14,807.76
5,187.95
0,0.00
0,0.00
9,433.76
0,0.00
0,0.00
0,0.00
0,0.00
2,38.29
2,33.52
0,0.00
0,0.00
0,0.00
0,0.00
23,999.06
27,495.12
4,72.25
0,0.00
87,3819.00
267,9778.25
0,0.00
0,0.00
15,686.01
24,929.78
0,0.00
0,0.00
4,319.40
0,0.00
0,0.00
0,0.00
0,0.00
8,268.13
65,2293.16
0,0.00
6,372.67
69,3085.06
0,0.00
7,97.89
6,193.02
26,1077.22
3,161.01
20,706.30
2,100.92
19,595.16
9,168.40
0,0.00
42,1969.10
7,275.82
0,0.00
0,0.00
0,0.00
0,0.00
0,0.00
0,0.00
0,0.00
25,786.68
15,532.95
0,0.00
0,0.00
126,3162.83
118,3686.57
24,793.53
25,761.38
2,27.46
0,0.00
0,0.00
7,522.81
1,6.37
0,0.00
0,0.00
0,0.00
0,0.00
2,203.82
37,965.84
0,0.00
0,0.00
30,829.12
14,686.61
8,210.31
3,166.71
0,0.00
0,0.00
0,0.00
0,0.00
6,164.72
1,9.44
8,612.69
4,103.83
0,0.00
0,0.00
7,195.66
6,282.34
0,0.00
7,161.19
0,0.00
0,0.00
0,0.00
0,0.00
0,0.00
0,0.00
27,949.09
0,0.00
1,88.09
14,457.26
1,66.45
2,59.39
0,0.00
242,6048.27
2,34.22
0,0.00
59,1665.02
214,5415.90
170,5762.50
322,11722.24
108,5521.61
551,24248.68
544,23076.00
0,0.00
0,0.00
10,271.07
21,349.79
27,850.34
13,374.61
0,0.00
7,115.32
0,0.00
37,1202.91
0,0.00
19,897.46
53,3172.66
19,737.50
14,358.96
0,0.00
46,1772.15
161,6922.02
10,750.77
0,0.00
2,129.47
0,0.00
0,0.00
12,170.17
21,461.41
0,0.00
4,156.70
2,315.79
3,37.78
10,357.45
0,0.00
0,0.00
1,10.27
0,0.00
0,0.00
0,0.00
10,771.52
0,0.00
0,0.00
0,0.00
8,318.29
1,22.07
6,109.44
2,24.29
13,366.64
43,1673.96
61,2616.87
0,0.00
0,0.00
0,0.00
0,0.00
9,415.51
0,0.00
0,0.00
0,0.00
0,0.00
0,0.00
0,0.00
0,0.00
0,0.00
0,0.00
0,0.00
0,0.00
2,21.22
0,0.00
0,0.00
0,0.00
20,538.87
0,0.00
0,0.00
0,0.00
2,151.64
0,0.00
0,0.00
1,45.32
1,13.59
2,19.92
33,1230.76
0,0.00
0,0.00
47,1328.33
27,1038.62
68,1991.78
9,213.66
0,0.00
5,95.95
3,190.58
0,0.00
13,486.28
2,162.77
0,0.00
37,1901.59
35,871.85
0,0.00
419,13907.31
396,14542.06
189,5495.84
607,15584.65
3,202.93
0,0.00
14,743.88
8,581.04
50,1703.65
27,923.16
0,0.00
4,221.25
0,0.00
0,0.00
27,1006.49
34,1522.65
0,0.00
96,2336.76
46,1466.85
10,155.88
0,0.00
0,0.00
11,409.64
82,2149.48
0,0.00
33,1486.28
0,0.00
70,2238.48
62,1621.12
0,0.00
11,566.85
0,0.00
54,1455.48
6,284.19
0,0.00
0,0.00
0,0.00
941,35356.66
1652,51811.13
5,186.03
1,4.35
0,0.00
4,255.90
11,559.55
12,551.34
85,2144.41
16,977.29
0,0.00
0,0.00
16,862.57
0,0.00
7,773.90
0,0.00
14,728.96
0,0.00
53,1599.98
10,700.28
6,392.49
54,1841.66
0,0.00
0,0.00
0,0.00
1,135.29
103,2964.73
18,848.31
0,0.00
2,61.22
0,0.00
0,0.00
170,4570.05
57,1437.39
0,0.00
23,1810.34
285,8967.34
15,842.21
0,0.00
0,0.00
12,421.06
33,932.58
0,0.00
0,0.00
0,0.00
0,0.00
0,0.00
0,0.00
111,2115.67
97,2543.28
1,14.09
5,414.97
0,0.00
0,0.00
0,0.00
5,518.10
0,0.00
0,0.00
1,124.07
2,170.67
0,0.00
1,138.39
0,0.00
1,107.39
0,0.00
22,1359.67
0,0.00
0,0.00
34,1446.94
5,213.70
0,0.00
0,0.00
0,0.00
0,0.00
291,12097.25
237,8878.87
228,9667.90
68,2765.39
60,1997.45
105,2083.21
13,569.99
2,31.52
1,39.77
5,192.13
152,5635.06
94,2939.08
19,737.51
4,102.66
0,0.00
1,23.79
2,27.47
14,805.85
0,0.00
14,134.77
2,63.81
2,203.56
0,0.00
14,656.53
8,555.81
0,0.00
67,2474.06
29,974.86
0,0.00
0,0.00
56,1578.71
0,0.00
0,0.00
0,0.00
0,0.00
1,34.10
0,0.00
1,46.45
0,0.00
7,287.56
0,0.00
8,254.34
0,0.00
29,2539.55
0,0.00
0,0.00
15,368.53
5,126.75
14,577.43
0,0.00
59,1946.62
0,0.00
85,3079.88
55,2484.20
2,159.57
15,1274.48
0,0.00
11,597.29
21,728.82
64,2868.38
28,649.41
25,930.65
85,4763.66
55,2231.98
94,3435.38
137,4737.28
91,3206.63
144,4149.44
1027,35023.19
0,0.00
0,0.00
189,8374.91
215,6076.63
4,94.08
0,0.00
15,763.58
0,0.00
1,101.39
71,2549.85
70,2700.08
78,2945.16
90,2963.24
10,411.90
0,0.00
0,0.00
4,122.23
0,0.00
6,236.72
1,16.85
12,620.27
0,0.00
17,601.42
20,1011.87
26,778.65
108,3297.35
165,4894.03
46,1298.16
5,86.35
0,0.00
12,539.87
32,1162.54
154,5233.22
60,2148.28
3,179.89
0,0.00
0,0.00
13,662.36
62,2133.81
35,1202.43
137,2992.65
0,0.00
0,0.00
198,8333.01
88,3400.98
106,4127.99
22,889.71
114,3825.90
140,5161.89
8,94.23
0,0.00
35,1017.63
169,5406.87
45,1641.28
51,1809.17
5,274.37
0,0.00
3,37.19
9,430.98
130,4646.32
145,6389.93
96,3183.90
1,5.32
0,0.00
25,1861.50
0,0.00
5,413.47
4,390.35
0,0.00
0,0.00
0,0.00
0,0.00
2,156.67
24,880.53
0,0.00
7,188.29
9,359.90
1,6.20
3,275.28
0,0.00
22,846.54
0,0.00
3,107.36
0,0.00
62,2428.68
77,3302.16
0,0.00
0,0.00
110,3461.87
51,2578.25
358,9344.56
79,2374.54
0,0.00
19,685.95
0,0.00
1,44.54
0,0.00
0,0.00
7,236.82
0,0.00
0,0.00
28,1652.31
101,3767.92
4,238.10
2,140.64
7,64.64
63,2894.14
309,15073.57
49,998.61
1,194.69
1,31.84
5,235.00
4,97.86
40,1455.12
11,162.20
4,131.38
4,124.28
25,1073.78
0,0.00
1,28.69
0,0.00
41,2191.02
85,4094.56
10,518.73
69,1950.45
21,722.37
4,156.70
13,337.03
11,672.22
5,78.73
0,0.00
12,206.19
33,1572.78
4,208.48
4,191.96
6,349.37
23,1205.48
35,1597.03
0,0.00
7,243.62
28,824.35
16,325.34
0,0.00
102,3316.99
8,258.34
0,0.00
0,0.00
4,130.06
0,0.00
7,175.12
0,0.00
1,19.65
17,374.06
32,1005.99
11,232.00
0,0.00
76,2975.74
107,3947.16
110,6883.11
88,2928.96
36,1166.51
72,2081.61
9,477.25
0,0.00
7,161.64
0,0.00
2,167.86
4,209.85
0,0.00
115,2783.97
136,3603.83
0,0.00
0,0.00
0,0.00
0,0.00
67,2744.57
104,4189.48
0,0.00
11,124.59
0,0.00
11,436.30
9,292.76
135,4352.49
34,1423.18
3,164.63
0,0.00
0,0.00
0,0.00
0,0.00
0,0.00
0,0.00
34,923.45
0,0.00
0,0.00
29,826.21
83,2784.12
258,7183.60
1069,43475.05
735,21929.21
798,22794.16
1180,30897.46
0,0.00
0,0.00
41,2332.47
17,792.07
0,0.00
21,850.47
0,0.00
0,0.00
2,103.26
120,5656.69
0,0.00
44,1248.58
0,0.00
0,0.00
591,18310.34
1153,36678.52
548,18061.66
137,4476.96
949,34079.42
0,0.00
152,5917.49
288,10388.86
0,0.00
0,0.00
843,30180.10
0,0.00
0,0.00
6,73.75
32,2258.47
3,106.33
1,36.00
0,0.00
3,88.68
0,0.00
1,128.34
0,0.00
1,59.84
0,0.00
0,0.00
0,0.00
2,32.77
0,0.00
5,120.88
0,0.00
1,8.04
0,0.00
10,647.08
0,0.00
5,359.80
0,0.00
17,608.27
22,634.54
2,122.36
21,1001.85
0,0.00
8,564.68
0,0.00
0,0.00
0,0.00
0,0.00
0,0.00
0,0.00
2,114.77
0,0.00
2,110.49
23,2181.27
0,0.00
0,0.00
0,0.00
0,0.00
7,416.31
0,0.00
0,0.00
1,48.77
4,293.76
0,0.00
0,0.00
0,0.00
0,0.00
1,130.02
6,128.72
0,0.00
0,0.00
0,0.00
0,0.00
51,2364.20
10,362.62
0,0.00
19,1218.79
5,165.95
0,0.00
0,0.00
13,812.39
25,856.63
0,0.00
1,170.62
0,0.00
0,0.00
45,1608.82
0,0.00
0,0.00
0,0.00
0,0.00
0,0.00
0,0.00
5,413.20
0,0.00
0,0.00
0,0.00
0,0.00
4,298.58
0,0.00
0,0.00
1,141.97
5,237.70
0,0.00
0,0.00
0,0.00
0,0.00
0,0.00
0,0.00
1,30.02
0,0.00
0,0.00
2,141.84
8,784.74
6,218.15
0,0.00
0,0.00
0,0.00
3,164.21
0,0.00
2,43.61
0,0.00
1,35.49
17,720.24
11,339.97
0,0.00
8,434.28
49,1554.16
36,1441.75
0,0.00
70,3752.05
0,0.00
0,0.00
0,0.00
102,3988.21
47,1362.24
5,628.23
8,134.19
1,42.17
0,0.00
3,182.53
0,0.00
3,138.34
1,10.47
0,0.00
37,986.71
11,486.00
0,0.00
1,18.72
1,43.84
0,0.00
7,240.02
1,131.34
0,0.00
11,241.02
16,640.95
6,328.72
0,0.00
254,9742.93
798,28978.46
184,7121.91
396,14661.22
275,10517.08
0,0.00
0,0.00
0,0.00
9,503.98
10,438.70
8,211.06
4,283.71
26,1487.62
0,0.00
1,3.97
0,0.00
6,321.42
0,0.00
0,0.00
5,101.10
10,444.20
1,187.24
0,0.00
0,0.00
0,0.00
1,138.24
0,0.00
0,0.00
6,192.59
6,130.92
183,7284.80
131,4274.76
0,0.00
50,1726.50
3,111.91
0,0.00
0,0.00
5,263.00
13,658.61
9,336.40
0,0.00
8,746.86
1,33.37
0,0.00
0,0.00
0,0.00
0,0.00
0,0.00
5,236.70
0,0.00
18,702.08
17,460.49
13,325.44
0,0.00
1,24.70
0,0.00
0,0.00
0,0.00
0,0.00
0,0.00
4,138.20
0,0.00
1,28.54
8,259.59
1,18.14
95,3248.75
16,827.14
45,1120.17
20,444.53
0,0.00
0,0.00
0,0.00
11,595.05
25,1043.43
6,386.07
120,5333.12
55,2713.38
1,14.99
14,889.03
15,619.67
6,320.60
16,361.77
0,0.00
11,359.50
0,0.00
2,54.91
0,0.00
0,0.00
0,0.00
38,2201.34
12,451.51
2,198.24
6,198.62
0,0.00
287,8421.26
129,6452.08
0,0.00
0,0.00
0,0.00
4,195.16
0,0.00
11,372.85
0,0.00
0,0.00
4,241.95
389,11148.72
109,3065.54
44,1380.98
60,3219.05
0,0.00
0,0.00
0,0.00
1,28.17
0,0.00
3,223.73
83,3110.43
165,5532.69
14,297.58
7,505.74
8,212.01
0,0.00
0,0.00
0,0.00
0,0.00
0,0.00
0,0.00
0,0.00
0,0.00
100,3011.32
11,478.92
1,39.42
267,8552.76
348,11487.63
257,6175.82
215,5356.43
10,268.33
0,0.00
0,0.00
30,788.90
18,616.71
0,0.00
14,780.91
8,396.56
61,2141.68
85,3506.44
11,334.75
0,0.00
3,84.41
21,777.02
16,493.20
4,133.35
7,125.21
166,7452.53
10,404.08
0,0.00
0,0.00
0,0.00
0,0.00
107,3835.59
304,9925.84
0,0.00
0,0.00
4,61.06
0,0.00
5,164.77
0,0.00
0,0.00
0,0.00
0,0.00
0,0.00
0,0.00
26,867.90
0,0.00
69,3957.14
133,2054.87
662,18906.61
0,0.00
12,395.69
62,3039.12
391,11836.75
0,0.00
3,188.36
68,2395.25
212,8712.17
8,174.86
11,342.37
273,8647.35
109,4812.10
0,0.00
0,0.00
4,177.15
0,0.00
128,4660.47
76,2753.19
56,1488.36
55,1783.27
0,0.00
0,0.00
0,0.00
0,0.00
0,0.00
51,2861.36
35,1885.75
0,0.00
0,0.00
0,0.00
2,70.52
1,31.09
3,179.76
11,337.34
0,0.00
92,2750.18
41,1538.02
56,1876.81
41,1626.55
201,7298.83
96,2744.81
70,2213.22
0,0.00
24,945.66
64,2319.47
162,4271.01
176,5678.06
54,1885.57
86,3186.99
33,916.98
65,2030.15
50,1619.68
41,1032.49
0,0.00
2,107.44
0,0.00
95,2423.89
62,2249.18
126,4373.87
160,5451.13
0,0.00
212,7973.24
83,3762.74
14,422.67
227,11514.43
222,8464.45
227,9858.08
0,0.00
0,0.00
118,5342.26
6,333.95
1,7.67
8,384.48
0,0.00
8,226.54
6,309.55
11,651.24
212,7758.92
6,220.09
12,877.50
0,0.00
0,0.00
1,14.24
0,0.00
95,4467.57
492,23176.20
0,0.00
5,202.60
0,0.00
0,0.00
0,0.00
0,0.00
8,421.56
8,372.16
0,0.00
2,171.79
157,3635.66
0,0.00
67,3467.44
30,766.53
0,0.00
1,17.37
0,0.00
9,496.01
0,0.00
0,0.00
59,2357.53
40,1491.48
0,0.00
1,4.64
13,544.41
61,2500.05
0,0.00
0,0.00
36,921.52
36,1193.52
3,77.74
0,0.00
46,2185.12
24,983.38
14,513.76
0,0.00
0,0.00
2,39.74
3,122.66
2,37.29
8,200.26
38,1057.18
8,246.86
33,1259.19
55,1541.10
29,813.95
0,0.00
1,22.84
5,136.32
0,0.00
0,0.00
0,0.00
0,0.00
8,404.61
0,0.00
53,2388.52
5,153.30
12,496.34
17,343.61
89,2924.17
0,0.00
0,0.00
10,265.57
6,189.67
31,992.39
19,669.23
23,1185.51
6,566.10
9,282.01
37,1880.95
112,3358.51
40,1590.90
34,1419.55
26,1195.69
0,0.00
1,27.75
50,1893.17
75,2009.45
45,1737.60
107,3117.94
0,0.00
72,1942.25
51,1540.02
0,0.00
54,1448.63
0,0.00
7,423.41
0,0.00
0,0.00
0,0.00
77,2722.36
19,968.31
7,274.42
73,4323.24
12,911.74
0,0.00
0,0.00
11,497.35
0,0.00
3,121.83
46,1700.59
0,0.00
67,2388.33
91,3031.59
139,3425.43
198,5598.41
6,82.17
0,0.00
0,0.00
0,0.00
9,255.66
0,0.00
56,2111.96
21,775.52
17,516.32
3,33.89
3,75.74
30,771.55
0,0.00
0,0.00
0,0.00
14,879.14
0,0.00
43,1631.48
30,738.02
120,4117.55
121,4273.74
17,959.76
0,0.00
0,0.00
4,66.00
30,1707.83
0,0.00
19,860.71
45,1083.03
19,630.78
18,629.78
0,0.00
26,736.29
29,1306.48
0,0.00
1,57.00
0,0.00
0,0.00
4,81.60
0,0.00
0,0.00
0,0.00
9,233.71
1,64.55
86,3357.59
58,2480.58
3,190.08
2,29.49
70,2911.08
15,790.97
117,3525.88
8,233.38
3,185.53
0,0.00
0,0.00
0,0.00
0,0.00
2,199.31
17,541.81
54,2857.84
50,2630.71
0,0.00
3,90.81
43,1404.54
48,1765.73
27,685.64
0,0.00
5,218.77
0,0.00
12,287.44
130,4022.96
16,435.75
14,502.35
5,102.47
7,613.79
36,1325.20
68,2206.03
4,64.06
18,828.01
0,0.00
1,165.94
0,0.00
59,2172.88
11,561.77
83,3393.18
150,4711.66
137,3123.62
0,0.00
6,262.52
0,0.00
7,201.49
0,0.00
45,1876.80
0,0.00
0,0.00
0,0.00
7,383.71
0,0.00
0,0.00
0,0.00
26,1408.33
49,1587.67
0,0.00
0,0.00
435,11151.13
348,8635.27
1,16.10
19,574.98
3,84.18
1,58.72
5,153.78
0,0.00
35,1844.97
21,711.34
9,191.73
26,806.94
0,0.00
0,0.00
104,4939.05
4,260.20
0,0.00
1,94.10
0,0.00
0,0.00
1,55.30
134,4339.29
42,1644.26
23,2503.45
0,0.00
0,0.00
19,456.45
0,0.00
89,2512.62
105,2958.17
0,0.00
1,20.99
77,2871.67
60,1408.12
0,0.00
0,0.00
3,51.56
7,117.89
52,2924.40
62,2695.17
38,692.41
13,435.93
0,0.00
14,1172.96
0,0.00
1,55.54
2,60.99
4,280.30
3,86.33
0,0.00
2,150.34
3,338.09
3,126.94
7,371.34
17,810.16
9,128.53
144,5835.56
101,3861.62
348,7221.58
82,1973.11
58,1539.18
56,1143.88
45,2084.85
27,1029.62
430,13732.93
93,2784.68
0,0.00
49,2079.04
0,0.00
1,13.84
0,0.00
0,0.00
20,418.02
15,1270.90
0,0.00
50,1451.09
21,620.74
73,1815.85
71,2192.14
32,1858.29
28,1234.53
182,4366.07
142,3663.23
126,4318.64
57,1761.26
166,6972.34
297,10203.27
3,74.78
57,1522.92
2,20.71
0,0.00
0,0.00
85,2429.21
116,5657.63
0,0.00
0,0.00
10,909.55
158,4581.81
12,577.92
44,935.05
295,8713.78
54,1516.05
57,1971.67
137,4622.05
194,6131.41
205,6982.81
0,0.00
2,150.67
240,6674.15
40,946.39
7,205.16
0,0.00
11,674.29
0,0.00
31,1520.67
57,2465.99
9,353.35
0,0.00
0,0.00
0,0.00
1,8.07
0,0.00
5,111.28
0,0.00
0,0.00
0,0.00
0,0.00
8,516.58
35,1147.68
23,963.19
77,1911.19
4,183.23
0,0.00
12,552.51
2,72.52
0,0.00
26,1141.04
110,3859.33
25,1197.21
32,1459.47
6,176.14
0,0.00
11,647.00
48,2906.73
1,60.14
5,165.33
130,5524.55
0,0.00
0,0.00
0,0.00
2,50.21
0,0.00
72,5842.85
26,712.76
2,40.07
2,157.76
5,245.95
0,0.00
4,276.23
6,533.60
0,0.00
1,49.64
11,422.77
0,0.00
0,0.00
25,823.75
35,1468.38
58,2586.92
0,0.00
3,378.58
0,0.00
0,0.00
0,0.00
4,375.13
0,0.00
0,0.00
0,0.00
0,0.00
1,15.12
28,639.96
26,683.87
20,373.88
10,233.68
0,0.00
8,297.08
33,987.18
4,219.91
5,117.13
0,0.00
7,236.86
5,118.07
5,232.85
5,89.85
4,129.11
0,0.00
72,3077.27
24,659.21
5,175.22
0,0.00
17,517.69
0,0.00
0,0.00
5,225.62
0,0.00
0,0.00
0,0.00
0,0.00
8,445.96
7,176.81
9,434.06
9,293.93
0,0.00
18,643.94
13,674.23
0,0.00
0,0.00
3,272.29
35,1538.21
0,0.00
0,0.00
1,31.45
0,0.00
0,0.00
4,69.53
3,226.94
27,1590.12
2,107.56
0,0.00
0,0.00
0,0.00
2,84.24
0,0.00
0,0.00
0,0.00
7,517.04
4,241.43
0,0.00
2,154.92
0,0.00
0,0.00
9,320.83
0,0.00
5,160.43
0,0.00
4,56.30
8,282.98
0,0.00
0,0.00
15,278.65
14,508.40
0,0.00
2,152.04
109,3231.32
37,1730.77
0,0.00
80,2259.89
46,1129.81
0,0.00
0,0.00
0,0.00
28,609.34
0,0.00
19,734.61
0,0.00
0,0.00
0,0.00
0,0.00
8,345.69
43,1446.61
8,249.16
2,120.67
6,193.44
2,70.07
0,0.00
0,0.00
55,2436.43
7,84.59
0,0.00
0,0.00
8,318.73
0,0.00
0,0.00
0,0.00
8,343.99
215,5965.35
99,2909.09
196,5602.27
90,2457.83
0,0.00
30,1033.84
0,0.00
0,0.00
57,1899.31
7,239.96
0,0.00
0,0.00
1,51.17
0,0.00
43,1709.36
0,0.00
0,0.00
0,0.00
0,0.00
0,0.00
2,48.99
0,0.00
0,0.00
3,256.31
9,380.36
6,228.40
1,134.27
2,196.97
3,321.24
0,0.00
1,117.25
0,0.00
6,318.99
5,250.72
2,60.57
7,203.87
7,209.89
2,44.54
0,0.00
0,0.00
0,0.00
1,14.14
0,0.00
1,13.49
0,0.00
0,0.00
0,0.00
115,4551.40
7,263.26
63,1812.61
85,3567.95
68,2184.14
6,196.22
0,0.00
1,156.59
2,211.16
48,1763.21
11,317.87
9,220.23
49,1497.43
23,897.98
38,1727.44
10,176.48
23,1114.49
27,683.62
0,0.00
0,0.00
18,539.48
56,1310.52
41,1190.94
0,0.00
25,479.85
5,88.23
0,0.00
0,0.00
24,429.45
17,1158.16
7,221.62
0,0.00
96,3028.81
140,6094.80
35,1070.02
0,0.00
15,721.22
146,4221.99
194,5182.39
18,417.58
106,5123.37
136,4847.04
14,657.70
0,0.00
52,1075.76
101,2825.76
178,8225.03
10,357.83
0,0.00
0,0.00
354,13674.08
298,10830.69
6,269.30
140,3246.34
162,5278.44
0,0.00
12,284.97
0,0.00
1,94.47
0,0.00
0,0.00
18,588.64
0,0.00
0,0.00
4,117.80
0,0.00
1,61.19
0,0.00
25,573.10
5,70.02
0,0.00
0,0.00
2,61.54
4,322.23
0,0.00
2,95.19
7,390.02
9,432.81
0,0.00
0,0.00
8,175.79
32,1434.07
3,224.76
0,0.00
65,1379.77
263,7083.77
11,414.72
42,1173.56
0,0.00
76,4455.18
15,417.82
62,2712.98
0,0.00
77,6417.98
46,3505.43
0,0.00
0,0.00
1,9.40
0,0.00
1,21.40
5,137.72
5,456.77
5,383.03
0,0.00
1,9.75
0,0.00
8,321.24
16,531.30
0,0.00
0,0.00
5,337.60
0,0.00
4,168.33
0,0.00
0,0.00
0,0.00
0,0.00
0,0.00
0,0.00
0,0.00
0,0.00
0,0.00
0,0.00
2,191.84
0,0.00
0,0.00
1,10.84
4,168.21
1,19.87
0,0.00
0,0.00
0,0.00
0,0.00
0,0.00
0,0.00
0,0.00
12,708.52
0,0.00
4,86.83
3,67.64
0,0.00
2,153.31
2,42.31
0,0.00
13,347.43
14,439.85
7,261.26
1,52.72
0,0.00
21,485.59
2,10.47
0,0.00
28,1115.91
52,2477.72
0,0.00
0,0.00
15,292.98
19,287.35
123,4812.84
4,204.01
18,719.39
0,0.00
0,0.00
13,532.96
18,802.43
244,8854.98
83,2644.63
9,643.01
36,1386.79
53,1557.71
0,0.00
41,1425.84
117,3830.66
0,0.00
0,0.00
9,103.95
0,0.00
223,8126.25
9,166.20
56,2146.97
100,3606.67
182,5916.43
0,0.00
0,0.00
2,124.27
1,5.75
3,95.54
0,0.00
0,0.00
0,0.00
2,85.76
0,0.00
2,46.59
4,241.70
0,0.00
162,5529.75
172,4972.47
11,1239.63
17,975.42
35,1721.87
13,806.58
26,1555.92
73,5893.00
17,1052.34
10,434.62
0,0.00
6,209.84
0,0.00
102,4206.79
54,2367.94
15,1299.35
7,283.11
0,0.00
0,0.00
1,11.75
6,100.65
12,619.11
47,1856.79
60,1249.04
0,0.00
14,543.30
20,611.50
0,0.00
0,0.00
14,466.03
4,53.35
9,120.71
44,766.35
0,0.00
13,421.24
6,259.37
6,514.09
10,883.58
0,0.00
0,0.00
5,350.40
5,296.52
0,0.00
5,325.50
336,10529.20
270,7214.42
959,33446.31
345,12840.90
1,6.32
14,505.86
0,0.00
9,334.13
1,11.07
0,0.00
0,0.00
0,0.00
0,0.00
0,0.00
0,0.00
210,7508.59
222,7475.63
2,113.17
2,96.47
5,185.87
0,0.00
40,1283.93
83,2575.15
75,3844.48
102,3426.33
26,607.99
26,1021.77
118,3643.65
26,1072.65
9,671.35
6,598.59
9,155.76
0,0.00
0,0.00
9,209.75
0,0.00
0,0.00
0,0.00
25,1059.17
6,419.47
9,478.88
0,0.00
0,0.00
0,0.00
6,410.47
4,163.78
13,968.89
17,816.36
103,3545.91
157,5856.54
53,1924.04
13,540.19
9,274.51
27,1221.39
16,1092.08
0,0.00
0,0.00
37,1403.03
0,0.00
0,0.00
7,365.37
0,0.00
8,363.36
6,213.49
0,0.00
22,1908.00
0,0.00
0,0.00
0,0.00
0,0.00
0,0.00
0,0.00
0,0.00
0,0.00
0,0.00
0,0.00
2,196.44
0,0.00
0,0.00
0,0.00
1,159.79
4,173.33
0,0.00
0,0.00
0,0.00
3,75.59
0,0.00
78,2680.84
34,695.08
2,83.19
101,10781.95
4,202.75
123,4049.72
188,5618.03
9,469.36
5,206.13
1,10.19
11,200.99
69,1526.17
0,0.00
2,26.57
2,97.67
22,1215.72
10,649.13
12,800.44
0,0.00
0,0.00
0,0.00
17,342.43
0,0.00
0,0.00
316,7962.49
133,3382.00
127,3677.38
135,3074.64
0,0.00
0,0.00
0,0.00
4,51.83
75,2339.14
31,660.22
0,0.00
0,0.00
4,314.43
33,1982.14
1,121.75
31,3612.44
3,358.78
0,0.00
4,247.16
0,0.00
0,0.00
4,525.03
0,0.00
0,0.00
0,0.00
1,92.62
0,0.00
3,420.48
0,0.00
0,0.00
8,339.48
4,84.15
1,12.42
0,0.00
0,0.00
0,0.00
9,228.98
0,0.00
1,6.32
1,53.75
15,359.95
0,0.00
15,630.47
5,310.17
119,4465.88
151,6274.18
0,0.00
0,0.00
358,11848.84
315,9278.87
275,10609.40
1,20.57
0,0.00
9,418.06
0,0.00
34,771.82
9,1054.39
18,515.89
3,162.86
0,0.00
0,0.00
0,0.00
22,1188.34
188,7475.01
250,8321.79
0,0.00
0,0.00
6,107.12
0,0.00
195,6340.81
255,9839.28
0,0.00
17,444.42
0,0.00
164,4813.64
137,3917.53
8,241.16
15,424.20
37,610.38
0,0.00
3,90.36
14,512.23
112,3195.86
83,2345.71
7,281.89
4,159.96
15,609.10
15,874.90
0,0.00
3,92.06
5,139.03
2,20.01
287,11442.25
209,7416.21
16,733.12
15,707.30
14,679.66
31,688.24
0,0.00
39,2400.18
43,3253.05
11,439.45
0,0.00
3,214.86
0,0.00
43,1074.43
136,3383.15
18,518.14
228,8119.20
8,419.01
3,38.04
3,43.56
4,50.46
47,1676.76
83,1915.08
34,1719.33
35,1065.48
94,3210.75
85,3759.71
128,4540.22
25,934.42
108,4498.39
26,699.14
0,0.00
0,0.00
35,1535.48
1,172.37
34,1511.63
12,239.26
42,1811.92
15,378.62
178,4665.95
255,9288.49
5,164.87
11,650.24
8,245.83
0,0.00
193,8845.17
114,4813.56
15,497.45
194,6542.62
0,0.00
161,5397.94
51,1875.53
0,0.00
19,882.16
81,1973.86
75,2993.07
73,3389.77
102,4289.79
84,3091.27
19,632.45
41,1517.41
0,0.00
102,3768.61
157,5592.98
373,13533.01
449,15604.00
153,5959.65
4,91.71
67,1754.43
43,2056.66
0,0.00
10,411.27
3,206.83
69,2371.57
7,372.26
1,17.27
2,266.86
0,0.00
0,0.00
2,48.14
0,0.00
145,6474.77
118,5654.02
208,7077.37
1,15.97
0,0.00
0,0.00
4,185.36
0,0.00
12,441.99
12,315.21
5,253.42
0,0.00
0,0.00
0,0.00
55,1524.85
90,2076.54
196,5466.99
188,5459.62
279,8906.48
0,0.00
11,614.77
4,129.83
36,975.04
27,934.29
5,99.48
3,147.53
63,2549.78
160,6203.40
212,5483.23
21,488.92
1,35.97
0,0.00
0,0.00
0,0.00
631,31980.63
391,16689.23
304,13482.01
57,2858.39
38,1253.49
107,3128.45
1,15.57
0,0.00
0,0.00
0,0.00
208,8967.26
139,4464.34
1,180.37
11,368.84
3,61.54
20,841.90
11,527.72
22,756.96
6,133.55
0,0.00
1,96.15
1,89.19
1,94.04
3,48.71
0,0.00
0,0.00
183,8105.30
58,3146.36
69,3033.45
15,873.38
0,0.00
39,1406.28
0,0.00
73,3634.66
74,2515.81
38,1161.98
80,2962.67
80,3207.53
28,1704.79
2,90.81
0,0.00
3,18.54
3,214.29
0,0.00
0,0.00
0,0.00
0,0.00
14,988.03
0,0.00
13,718.29
6,521.37
82,2624.24
79,2362.79
67,2464.49
22,491.77
39,1450.18
6,175.92
0,0.00
0,0.00
0,0.00
0,0.00
2,26.07
0,0.00
42,2415.80
2,54.81
0,0.00
2,65.26
0,0.00
1,25.12
0,0.00
9,331.20
17,549.09
12,220.96
24,3276.45
0,0.00
37,2988.75
46,3362.88
3,143.36
3,295.33
3,186.58
214,6585.17
289,9854.52
3,85.34
0,0.00
154,4889.40
204,6367.53
17,854.64
0,0.00
0,0.00
0,0.00
62,1581.40
127,3584.38
25,728.18
4,108.51
0,0.00
8,209.73
0,0.00
0,0.00
0,0.00
2,25.76
3,39.28
0,0.00
0,0.00
0,0.00
0,0.00
0,0.00
0,0.00
3,41.18
34,1377.78
79,2378.47
25,951.43
0,0.00
1,24.62
0,0.00
35,1103.32
81,3734.37
63,1893.01
6,314.50
20,724.02
50,1388.87
0,0.00
17,401.37
9,226.18
5,485.73
0,0.00
0,0.00
66,4111.80
0,0.00
126,6000.74
5,352.97
0,0.00
0,0.00
14,375.87
0,0.00
0,0.00
0,0.00
0,0.00
0,0.00
0,0.00
0,0.00
0,0.00
0,0.00
0,0.00
0,0.00
36,1017.04
5,165.73
7,203.17
37,1943.34
16,706.80
2,173.64
1,178.10
0,0.00
67,2577.64
12,527.92
0,0.00
0,0.00
0,0.00
0,0.00
0,0.00
0,0.00
1,75.74
6,230.80
0,0.00
8,233.34
1,118.04
17,227.74
7,258.84
1,38.87
170,5117.30
300,13065.84
68,2192.68
0,0.00
0,0.00
2,39.22
2,58.91
17,252.91
0,0.00
0,0.00
0,0.00
20,982.23
136,4769.51
22,842.79
36,1105.02
84,2688.21
0,0.00
0,0.00
0,0.00
0,0.00
0,0.00
23,683.34
0,0.00
3,101.88
0,0.00
15,988.90
42,1749.24
42,2094.39
171,7202.12
5,288.78
0,0.00
7,188.87
0,0.00
27,779.46
87,4825.10
112,4893.54
70,2590.84
0,0.00
0,0.00
0,0.00
3,302.91
10,348.63
0,0.00
0,0.00
0,0.00
0,0.00
60,1369.32
0,0.00
0,0.00
16,782.84
0,0.00
0,0.00
18,626.98
0,0.00
24,807.80
50,2345.30
0,0.00
0,0.00
109,3140.89
265,8533.38
3,195.81
73,2861.69
256,9162.54
63,1523.21
4,306.66
0,0.00
0,0.00
0,0.00
0,0.00
0,0.00
0,0.00
6,236.09
4,152.45
15,604.28
69,3275.83
3,73.44
15,638.35
3,149.99
0,0.00
0,0.00
8,585.68
0,0.00
8,609.93
0,0.00
1,49.44
0,0.00
1,10.60
0,0.00
0,0.00
0,0.00
15,854.52
0,0.00
0,0.00
4,206.03
0,0.00
0,0.00
11,444.69
21,613.30
41,2202.82
0,0.00
74,3809.11
27,1192.74
24,1360.38
5,261.02
0,0.00
4,55.63
20,708.77
51,2640.10
20,518.70
4,83.26
0,0.00
11,533.77
0,0.00
0,0.00
1,13.77
0,0.00
2,147.09
0,0.00
1,6.24
2,182.49
0,0.00
0,0.00
0,0.00
0,0.00
0,0.00
1,18.77
0,0.00
7,327.04
14,264.75
63,2210.75
10,823.60
6,66.95
5,582.43
0,0.00
2,85.17
0,0.00
25,956.92
18,353.31
0,0.00
0,0.00
4,284.20
8,319.79
8,327.86
18,1004.18
15,349.77
1,15.70
0,0.00
2,67.02
1,53.00
0,0.00
16,546.45
6,236.09
31,1488.92
0,0.00
36,1713.00
43,1171.73
0,0.00
0,0.00
0,0.00
1,14.64
4,110.55
1,65.90
6,90.42
8,292.64
13,592.04
11,480.77
32,1527.36
11,514.97
8,185.96
55,2290.14
15,251.48
55,951.52
12,331.61
0,0.00
5,231.73
37,984.69
6,145.57
37,1539.19
5,214.85
0,0.00
9,192.21
42,1773.67
0,0.00
15,284.74
0,0.00
2,201.99
0,0.00
0,0.00
0,0.00
0,0.00
0,0.00
0,0.00
0,0.00
1,12.64
0,0.00
0,0.00
3,173.39
4,74.70
50,1398.00
9,206.33
20,405.80
0,0.00
1,4.75
0,0.00
3,87.58
9,117.58
7,500.27
1,34.50
0,0.00
1,195.09
1,9.65
0,0.00
1,3.84
26,1304.83
1,9.14
9,325.11
13,352.76
20,1101.62
0,0.00
0,0.00
0,0.00
0,0.00
0,0.00
25,622.48
8,295.18
0,0.00
8,221.84
27,825.01
59,2207.16
2,28.99
16,506.92
6,509.99
0,0.00
41,1610.64
41,1309.81
73,2800.34
229,6877.49
0,0.00
9,412.90
15,499.30
1,4.85
0,0.00
0,0.00
0,0.00
0,0.00
0,0.00
0,0.00
2,17.27
0,0.00
0,0.00
0,0.00
0,0.00
9,317.90
1,92.97
24,1066.63
8,624.93
0,0.00
0,0.00
30,1227.90
0,0.00
0,0.00
6,235.60
0,0.00
2,101.07
6,354.02
0,0.00
0,0.00
0,0.00
0,0.00
0,0.00
0,0.00
0,0.00
22,693.22
74,2714.10
0,0.00
0,0.00
56,1274.24
4,168.31
0,0.00
9,408.93
0,0.00
0,0.00
39,1650.30
0,0.00
0,0.00
1,33.30
0,0.00
0,0.00
0,0.00
0,0.00
0,0.00
9,343.85
0,0.00
0,0.00
6,91.52
40,1902.85
4,194.53
3,133.04
1,110.14
0,0.00
0,0.00
3,109.88
11,570.50
0,0.00
0,0.00
141,6615.10
68,3394.91
1,6.55
39,1282.70
99,3795.18
1,115.30
21,670.15
0,0.00
53,2184.04
8,194.88
24,586.03
31,940.29
0,0.00
0,0.00
1,36.72
3,111.49
8,346.06
0,0.00
1,85.74
0,0.00
79,2286.24
0,0.00
13,227.56
0,0.00
0,0.00
0,0.00
19,1080.40
8,281.69
0,0.00
0,0.00
0,0.00
0,0.00
1,161.69
0,0.00
0,0.00
0,0.00
0,0.00
0,0.00
20,937.30
147,5325.02
0,0.00
48,2065.46
49,1059.90
0,0.00
0,0.00
22,1055.71
1,43.04
0,0.00
0,0.00
72,2239.71
47,1902.19
0,0.00
0,0.00
68,2060.70
0,0.00
0,0.00
0,0.00
2,115.71
0,0.00
5,175.55
0,0.00
6,93.40
0,0.00
0,0.00
0,0.00
0,0.00
11,536.42
0,0.00
0,0.00
6,298.54
0,0.00
41,1098.09
25,338.14
0,0.00
2,47.21
0,0.00
0,0.00
15,736.98
62,1956.84
19,624.85
0,0.00
3,92.33
1,114.35
10,407.65
4,175.30
3,183.26
0,0.00
0,0.00
29,1155.56
0,0.00
107,3633.46
62,1915.31
0,0.00
11,287.40
0,0.00
1,28.97
3,103.68
3,129.24
2,31.67
3,188.83
0,0.00
0,0.00
3,108.99
0,0.00
0,0.00
0,0.00
110,5736.73
0,0.00
0,0.00
207,10009.29
151,5088.75
0,0.00
0,0.00
88,2817.93
72,2261.24
8,246.38
0,0.00
46,1755.65
5,250.17
74,2253.77
114,3529.40
138,4249.70
269,7685.54
55,1684.12
0,0.00
0,0.00
172,6364.53
40,1812.80
0,0.00
8,318.54
0,0.00
0,0.00
4,111.65
0,0.00
82,3511.83
6,380.17
86,3047.81
46,1978.00
87,2864.88
7,94.29
0,0.00
0,0.00
0,0.00
0,0.00
35,1484.77
0,0.00
0,0.00
0,0.00
0,0.00
0,0.00
0,0.00
0,0.00
5,172.50
5,309.50
27,1204.66
1,78.90
8,507.94
0,0.00
3,23.28
8,329.46
19,735.88
19,972.48
11,307.60
281,11113.29
540,15839.54
0,0.00
0,0.00
14,604.43
87,4884.57
3,253.28
4,332.31
3,104.84
0,0.00
26,610.60
2,26.06
57,1494.66
0,0.00
3,186.08
26,532.75
581,20471.04
518,15810.11
117,4132.98
107,3607.56
0,0.00
0,0.00
5,203.45
2,23.79
0,0.00
0,0.00
16,588.95
16,1045.92
0,0.00
21,539.09
6,258.40
11,368.37
87,4385.87
16,990.57
0,0.00
1,29.55
30,1380.87
0,0.00
13,995.47
43,1659.42
24,815.88
0,0.00
0,0.00
8,541.18
4,189.75
77,2184.01
19,949.36
0,0.00
27,679.34
11,238.51
0,0.00
159,4263.23
63,2031.71
111,2773.76
35,909.89
75,2492.80
70,1737.39
70,2437.80
49,1201.00
1,83.77
9,235.28
7,574.72
9,336.46
27,932.94
0,0.00
435,19354.89
560,23999.81
3,201.19
94,4678.11
4,461.90
0,0.00
5,163.72
3,326.06
1,22.29
0,0.00
8,185.09
3,119.16
0,0.00
0,0.00
0,0.00
22,1303.55
0,0.00
0,0.00
0,0.00
0,0.00
2,83.26
5,122.73
15,613.63
8,236.14
12,180.52
0,0.00
0,0.00
0,0.00
29,752.26
22,648.66
0,0.00
0,0.00
30,1047.30
0,0.00
0,0.00
0,0.00
0,0.00
5,216.68
0,0.00
11,379.02
0,0.00
258,11891.42
0,0.00
0,0.00
8,243.51
19,853.23
29,1493.26
35,1859.60
21,1278.57
11,532.65
0,0.00
48,2221.44
138,6215.91
53,2230.38
0,0.00
14,316.11
0,0.00
0,0.00
0,0.00
0,0.00
1,29.12
14,696.40
0,0.00
0,0.00
4,106.18
0,0.00
43,1674.29
31,990.56
0,0.00
83,4191.49
0,0.00
5,230.97
122,3982.61
36,721.37
0,0.00
8,527.73
53,1461.42
44,1231.73
0,0.00
0,0.00
0,0.00
162,6216.84
71,2592.78
23,451.29
0,0.00
23,935.74
0,0.00
0,0.00
11,121.62
0,0.00
0,0.00
20,1237.81
13,560.68
29,1109.45
4,42.65
0,0.00
2,80.31
0,0.00
1,19.10
0,0.00
36,893.32
88,2068.19
0,0.00
3,93.63
0,0.00
6,145.44
0,0.00
0,0.00
1,8.92
0,0.00
1,13.50
0,0.00
0,0.00
0,0.00
0,0.00
7,134.76
0,0.00
1,13.44
0,0.00
0,0.00
0,0.00
1,115.09
0,0.00
3,71.54
3,109.49
5,205.65
54,1687.05
126,4621.00
13,229.14
0,0.00
0,0.00
38,1590.23
17,1671.82
2,294.41
0,0.00
0,0.00
0,0.00
2,16.24
12,539.99
3,48.91
0,0.00
0,0.00
0,0.00
0,0.00
0,0.00
0,0.00
0,0.00
0,0.00
4,60.10
8,219.89
2,47.54
0,0.00
0,0.00
9,492.33
0,0.00
8,341.44
0,0.00
22,1074.59
35,2219.25
0,0.00
8,270.78
1,17.85
0,0.00
19,649.20
29,2205.16
0,0.00
0,0.00
0,0.00
0,0.00
8,181.01
0,0.00
1,83.74
0,0.00
24,801.66
3,323.81
0,0.00
0,0.00
0,0.00
6,78.20
47,2233.02
24,1125.10
0,0.00
0,0.00
79,3269.63
19,514.53
0,0.00
0,0.00
14,688.40
12,488.14
22,599.12
12,592.72
2,18.76
4,34.83
1,44.65
0,0.00
20,910.92
103,5418.02
30,1076.90
1,16.30
2,19.99
0,0.00
4,257.18
21,584.31
12,153.51
13,361.61
20,380.08
4,127.63
13,209.48
17,524.46
0,0.00
2,51.21
9,437.91
8,245.88
1,15.19
50,2159.27
46,1987.42
0,0.00
2,68.39
7,609.47
2,165.24
0,0.00
25,780.00
8,335.76
0,0.00
0,0.00
0,0.00
0,0.00
1,24.72
35,1584.23
0,0.00
3,101.43
0,0.00
9,385.30
0,0.00
127,5842.15
6,150.27
32,1749.74
13,1005.54
0,0.00
7,343.79
0,0.00
2,29.79
2,86.44
179,17021.40
0,0.00
0,0.00
0,0.00
2,185.02
0,0.00
2,20.81
0,0.00
0,0.00
2,134.49
22,689.81
0,0.00
0,0.00
0,0.00
1,33.67
0,0.00
1,65.74
12,822.30
0,0.00
0,0.00
0,0.00
0,0.00
0,0.00
0,0.00
2,69.52
13,938.84
0,0.00
0,0.00
0,0.00
0,0.00
17,420.77
16,540.42
16,335.32
0,0.00
0,0.00
0,0.00
0,0.00
0,0.00
0,0.00
0,0.00
0,0.00
9,846.58
3,248.63
6,174.09
178,5155.23
198,5334.77
0,0.00
0,0.00
39,1832.25
105,4927.58
105,3964.75
2,138.87
55,1713.60
7,609.79
12,391.11
42,1530.63
101,4391.34
0,0.00
1,20.04
0,0.00
4,157.01
4,153.43
0,0.00
3,65.31
0,0.00
37,986.73
39,1884.10
114,4157.83
45,1958.41
23,1068.54
85,4160.60
74,3633.26
58,3245.56
0,0.00
112,5110.89
98,4725.32
28,945.78
19,603.58
0,0.00
26,1440.60
0,0.00
0,0.00
313,10629.11
328,10598.06
5,316.47
23,843.54
0,0.00
0,0.00
7,356.74
217,7561.97
211,6381.08
30,1148.15
4,173.01
16,695.30
8,777.17
30,999.33
0,0.00
1,27.05
72,3023.74
106,5358.30
41,1431.44
76,2757.31
0,0.00
0,0.00
0,0.00
0,0.00
0,0.00
4,260.91
124,3244.06
76,2150.07
0,0.00
8,94.91
0,0.00
0,0.00
0,0.00
18,820.58
0,0.00
16,835.04
9,529.10
0,0.00
0,0.00
0,0.00
0,0.00
0,0.00
2,77.37
0,0.00
0,0.00
8,480.88
0,0.00
0,0.00
5,76.20
0,0.00
0,0.00
0,0.00
0,0.00
0,0.00
128,2884.50
39,1345.63
14,498.28
0,0.00
3,156.39
0,0.00
25,1141.17
14,442.00
38,1301.13
104,4032.95
103,3185.05
0,0.00
20,889.75
53,1963.31
31,1425.95
6,165.64
0,0.00
76,3159.96
55,2707.55
17,550.16
30,1179.98
5,314.73
0,0.00
0,0.00
0,0.00
2,81.34
15,1422.08
13,592.06
433,20692.29
268,9816.33
159,5962.22
147,4677.71
0,0.00
0,0.00
80,3717.74
30,942.24
152,6643.25
97,3114.91
4,160.61
90,3612.95
54,1644.92
21,433.76
16,304.76
12,745.44
4,136.75
8,348.19
8,239.98
14,410.46
88,4103.09
8,435.96
32,1300.16
57,1826.79
15,452.47
17,545.14
87,1991.71
6,234.84
0,0.00
0,0.00
67,3322.30
0,0.00
0,0.00
0,0.00
32,1171.72
144,5967.46
0,0.00
0,0.00
0,0.00
10,542.00
1,137.55
56,3239.83
71,3126.49
12,454.44
121,4216.40
6,130.72
59,3734.18
0,0.00
1,34.50
181,5868.71
239,7739.10
0,0.00
7,131.11
1,19.00
124,4532.38
287,10864.53
0,0.00
95,3707.25
257,9195.64
0,0.00
0,0.00
0,0.00
0,0.00
12,511.14
0,0.00
0,0.00
19,641.95
3,43.21
5,453.65
0,0.00
13,668.18
8,487.08
0,0.00
4,45.65
0,0.00
6,154.75
0,0.00
794,33736.43
28,1300.73
205,8005.66
291,11003.64
121,4514.00
0,0.00
0,0.00
2,35.12
0,0.00
0,0.00
0,0.00
0,0.00
2,95.02
0,0.00
109,4252.22
5,134.93
168,4178.96
72,1773.78
96,3443.17
57,1507.58
36,1363.40
17,611.66
0,0.00
0,0.00
0,0.00
5,94.90
0,0.00
1,91.99
5,242.45
112,2958.61
121,3550.66
2,131.51
3,61.08
1,8.15
21,717.70
19,751.05
0,0.00
0,0.00
0,0.00
17,622.89
22,1425.67
20,317.14
0,0.00
0,0.00
0,0.00
1,6.84
0,0.00
0,0.00
40,1526.83
35,1351.37
0,0.00
9,246.70
51,1248.40
305,7041.93
303,6118.18
52,1162.25
42,884.83
302,9482.95
73,2291.20
0,0.00
5,106.38
1,11.49
0,0.00
0,0.00
7,294.91
0,0.00
37,1688.24
64,1743.98
0,0.00
19,1083.80
40,1270.35
0,0.00
0,0.00
0,0.00
0,0.00
166,6247.63
94,4559.83
41,1146.64
13,437.24
45,1165.22
42,1827.09
0,0.00
0,0.00
66,3138.95
30,917.44
0,0.00
1,18.50
18,662.86
31,1723.23
25,1039.75
20,989.78
0,0.00
22,834.92
1,41.20
1,33.04
0,0.00
0,0.00
3,229.19
38,1835.37
0,0.00
103,3863.58
398,16054.97
68,2944.40
0,0.00
14,394.50
1,81.40
0,0.00
111,4992.17
108,4473.31
357,13265.16
192,7930.58
346,14775.46
25,1157.30
88,2926.40
5,247.93
0,0.00
0,0.00
0,0.00
10,279.78
0,0.00
0,0.00
31,1009.07
7,295.69
0,0.00
2,163.42
0,0.00
70,3279.31
941,30783.69
926,24500.66
521,13483.71
0,0.00
21,545.19
150,5600.03
29,1279.86
0,0.00
11,502.37
58,2073.96
20,365.62
0,0.00
0,0.00
0,0.00
7,219.91
62,1933.86
0,0.00
25,677.05
44,1602.01
214,6870.68
0,0.00
0,0.00
156,6488.52
233,8597.25
174,7628.39
406,18342.82
0,0.00
0,0.00
0,0.00
16,393.32
13,404.23
0,0.00
71,2025.68
123,4696.46
8,367.78
0,0.00
9,280.10
4,134.58
0,0.00
44,1542.63
105,5164.80
153,7010.55
262,11107.58
61,2596.24
66,3483.50
6,501.57
0,0.00
17,934.20
121,5553.58
38,1466.76
32,1497.94
0,0.00
1453,41697.17
550,19869.34
580,26166.08
826,35731.18
246,7486.68
327,12181.09
0,0.00
1,109.59
39,1764.20
2,60.31
20,496.37
21,623.85
9,204.75
0,0.00
15,729.33
91,3586.72
8,309.81
0,0.00
1,19.02
19,697.78
23,1272.24
3,448.71
0,0.00
10,574.55
35,1106.19
32,1058.99
2,103.84
0,0.00
3,48.43
17,1413.40
21,626.67
18,991.58
5,176.48
17,786.29
0,0.00
0,0.00
55,2139.03
0,0.00
25,1267.21
1,23.34
26,1062.55
119,3955.43
17,314.34
22,769.19
7,276.64
0,0.00
0,0.00
0,0.00
4,75.00
36,1909.78
8,529.41
296,9918.88
202,6707.11
0,0.00
4,154.81
415,10704.76
210,6324.78
27,867.02
6,332.09
28,672.18
6,317.09
0,0.00
0,0.00
0,0.00
0,0.00
8,299.81
4,335.61
27,574.51
21,711.32
2,139.41
0,0.00
6,268.97
0,0.00
0,0.00
108,3752.11
23,638.31
41,3265.35
0,0.00
6,364.29
4,70.30
0,0.00
1,108.95
0,0.00
2,144.62
73,3146.52
14,172.21
0,0.00
291,12609.96
555,20853.81
0,0.00
4,45.20
1,10.59
0,0.00
47,2908.17
158,7450.59
238,8600.62
59,3236.59
0,0.00
0,0.00
7,344.47
19,786.96
140,2810.91
324,7699.64
0,0.00
6,70.95
0,0.00
9,309.60
37,1556.62
56,1656.37
77,556.76
28,975.18
62,2169.13
0,0.00
12,251.19
0,0.00
0,0.00
0,0.00
12,304.17
56,1215.17
63,1545.91
22,614.14
12,537.14
10,412.75
5,161.07
0,0.00
0,0.00
1,26.19
0,0.00
16,573.72
0,0.00
14,627.90
32,721.48
10,214.43
16,294.34
15,539.63
53,1437.68
33,986.46
3,15.96
13,625.13
0,0.00
0,0.00
0,0.00
41,1439.35
65,3187.16
48,1693.03
0,0.00
4,261.00
0,0.00
21,1100.10
3,77.04
5,183.52
0,0.00
1,8.84
0,0.00
10,358.98
0,0.00
0,0.00
0,0.00
0,0.00
5,258.47
0,0.00
6,286.75
17,538.82
0,0.00
0,0.00
4,155.20
8,336.68
2,16.37
0,0.00
0,0.00
0,0.00
6,80.12
19,1292.79
11,470.04
0,0.00
13,568.54
0,0.00
28,930.09
83,2134.50
39,935.17
0,0.00
5,369.12
40,1568.53
0,0.00
0,0.00
57,3120.52
0,0.00
37,1667.67
79,3357.32
9,593.83
9,509.40
56,2583.47
56,1747.55
27,692.31
9,145.00
196,9501.28
56,1044.33
3,74.64
0,0.00
0,0.00
17,484.82
71,1900.14
3,56.54
5,84.23
0,0.00
1,18.32
4,51.80
20,443.67
8,204.99
46,1913.15
0,0.00
0,0.00
21,746.54
0,0.00
0,0.00
0,0.00
19,627.33
51,2247.82
11,763.02
0,0.00
3,129.18
0,0.00
3,70.11
2,110.92
0,0.00
66,2337.89
31,1116.19
17,494.66
5,238.88
0,0.00
3,37.76
81,3536.55
88,3126.22
0,0.00
2,27.31
5,379.57
3,30.03
88,3083.50
105,4148.95
39,1270.41
60,2713.98
0,0.00
0,0.00
11,352.52
0,0.00
0,0.00
3,44.43
1,9.55
0,0.00
29,1350.66
0,0.00
4,176.21
0,0.00
105,4839.15
66,2534.79
120,5826.11
29,1153.45
0,0.00
1,59.05
0,0.00
7,261.71
5,102.68
32,1210.66
0,0.00
0,0.00
2,211.04
1,6.04
41,1357.12
14,519.21
0,0.00
10,454.53
37,1598.22
2,110.02
0,0.00
18,692.48
0,0.00
0,0.00
0,0.00
4,207.75
8,617.19
0,0.00
11,506.02
12,378.92
11,546.79
9,457.03
2,95.37
53,2865.81
0,0.00
1,196.95
0,0.00
2,191.92
67,3081.05
0,0.00
2,83.87
18,856.88
0,0.00
0,0.00
0,0.00
0,0.00
0,0.00
0,0.00
92,2668.91
131,3971.32
0,0.00
0,0.00
1,21.82
5,379.07
13,360.23
0,0.00
0,0.00
0,0.00
0,0.00
0,0.00
1,60.92
51,1634.41
162,5076.86
113,4255.50
266,10597.60
132,4533.23
15,429.98
56,1832.37
69,1675.74
25,1615.38
0,0.00
271,7523.82
180,5196.29
0,0.00
36,1730.48
44,2102.63
0,0.00
0,0.00
13,493.06
6,284.29
79,1944.67
119,2789.24
90,3058.77
213,6350.97
123,4396.53
96,3989.19
118,5247.37
286,9235.79
201,7816.22
350,11256.05
1,126.17
152,3785.46
0,0.00
0,0.00
26,846.29
211,8187.91
82,3467.06
263,9004.37
52,2479.19
2,176.89
87,3015.34
6,318.75
23,1072.71
9,182.86
184,5590.25
61,1639.46
95,2753.02
280,8798.15
10,465.88
46,1579.85
0,0.00
150,5522.02
475,19960.81
61,953.22
0,0.00
11,474.05
16,899.84
89,3195.32
49,1743.35
31,822.01
83,3067.64
56,1330.81
0,0.00
0,0.00
62,1693.14
330,13878.77
2,127.69
0,0.00
3,403.84
20,427.25
0,0.00
43,1153.81
0,0.00
1,181.87
0,0.00
0,0.00
0,0.00
0,0.00
0,0.00
28,783.66
34,863.81
82,1625.20
76,2745.67
34,1495.41
17,386.64
144,3499.19
42,2606.45
0,0.00
0,0.00
2,67.44
0,0.00
6,257.99
5,322.02
0,0.00
0,0.00
0,0.00
11,797.49
7,169.31
1,11.97
2,114.99
0,0.00
1,14.94
1,7.34
0,0.00
1,10.87
18,568.34
92,3280.51
22,657.67
163,5771.99
187,6078.10
118,3827.01
0,0.00
10,419.52
50,1612.08
76,2121.31
66,2972.85
261,6565.00
179,4711.05
112,2910.08
73,1991.27
11,270.57
1,28.22
0,0.00
2,165.26
0,0.00
7,203.42
0,0.00
0,0.00
0,0.00
1,9.99
37,1305.47
33,1222.26
0,0.00
13,376.83
128,4685.18
34,790.55
19,773.35
35,1255.63
18,713.89
41,1311.94
0,0.00
0,0.00
0,0.00
2,260.46
12,1177.17
0,0.00
55,1354.82
165,6422.79
0,0.00
10,128.43
0,0.00
9,568.80
0,0.00
256,8320.06
281,8285.29
0,0.00
14,537.41
9,426.00
8,461.63
0,0.00
0,0.00
0,0.00
0,0.00
4,187.90
0,0.00
0,0.00
0,0.00
6,304.57
124,4807.03
58,2465.57
0,0.00
7,279.36
7,179.42
0,0.00
14,611.08
0,0.00
0,0.00
34,1179.50
0,0.00
4,137.23
21,929.37
0,0.00
7,367.64
0,0.00
7,475.81
7,80.36
0,0.00
0,0.00
101,2992.93
341,9861.07
46,895.26
3,43.31
0,0.00
8,543.61
1,133.60
4,150.16
0,0.00
0,0.00
42,2048.87
78,2930.94
0,0.00
0,0.00
4,350.03
0,0.00
2,196.26
4,143.48
0,0.00
0,0.00
8,293.79
4,64.36
7,184.26
107,2434.92
55,3095.23
0,0.00
9,182.83
1,73.57
0,0.00
0,0.00
0,0.00
0,0.00
1,13.69
0,0.00
13,681.68
0,0.00
50,1951.77
60,3275.86
0,0.00
0,0.00
0,0.00
2,104.49
42,2225.01
54,3116.46
40,2257.81
0,0.00
0,0.00
31,2440.13
6,396.82
15,700.73
0,0.00
2,93.11
0,0.00
68,7783.64
1,94.64
78,4885.37
49,2431.96
2,83.17
3,129.14
1,25.79
0,0.00
27,621.06
51,3443.78
0,0.00
3,172.94
12,606.66
0,0.00
7,459.19
124,5040.40
136,4719.69
20,942.13
2,58.74
363,13445.34
249,9020.20
6,206.42
268,7974.93
4,190.45
1,15.50
0,0.00
24,818.86
2,20.96
0,0.00
314,14057.49
187,7418.69
91,2511.93
200,4529.03
83,2236.85
2,134.86
0,0.00
0,0.00
0,0.00
0,0.00
0,0.00
0,0.00
4,245.01
32,1618.75
30,1958.50
1,23.17
4,306.66
45,1718.47
70,3604.40
82,2769.29
4,97.08
0,0.00
4,41.41
19,569.56
22,940.24
48,1248.37
2,33.71
3,29.21
4,128.43
0,0.00
0,0.00
0,0.00
0,0.00
0,0.00
9,449.30
0,0.00
0,0.00
0,0.00
1,47.94
42,1601.86
0,0.00
11,219.12
212,7794.17
139,5115.96
24,595.70
92,2378.84
0,0.00
0,0.00
290,12931.79
60,2180.68
36,1848.12
44,1534.65
3,70.63
0,0.00
134,7073.14
222,7449.31
0,0.00
142,3764.08
212,8434.61
26,1204.04
90,3851.35
0,0.00
16,343.22
0,0.00
0,0.00
4,203.50
0,0.00
0,0.00
1,11.55
68,2961.49
99,3228.98
10,502.20
2,156.46
0,0.00
0,0.00
133,3896.45
7,114.37
4,342.83
21,1125.82
5,274.20
21,508.12
0,0.00
0,0.00
67,1733.23
89,3129.43
0,0.00
2,61.72
0,0.00
0,0.00
0,0.00
0,0.00
1,19.19
0,0.00
85,3498.18
35,511.88
0,0.00
11,510.50
35,1282.20
30,1002.57
38,998.34
1,19.02
0,0.00
0,0.00
0,0.00
0,0.00
48,3534.85
45,2204.90
0,0.00
0,0.00
0,0.00
0,0.00
0,0.00
0,0.00
0,0.00
2,187.17
0,0.00
0,0.00
5,234.88
0,0.00
2,200.57
0,0.00
0,0.00
0,0.00
11,532.60
2,68.26
0,0.00
2,39.86
13,591.21
6,349.69
1,19.77
0,0.00
1,75.60
0,0.00
0,0.00
3,58.46
0,0.00
0,0.00
0,0.00
0,0.00
5,217.78
0,0.00
0,0.00
0,0.00
1,111.34
1,75.29
13,1142.06
0,0.00
1,28.40
2,136.77
0,0.00
0,0.00
0,0.00
0,0.00
0,0.00
2,13.99
4,45.11
137,3703.53
149,4483.51
93,6541.36
25,1550.80
6,134.69
0,0.00
70,2348.40
58,1920.47
119,5269.06
127,5118.47
104,4154.08
30,1062.63
0,0.00
0,0.00
93,4004.96
19,769.70
0,0.00
6,69.72
30,1378.73
68,2596.88
0,0.00
37,1183.57
10,295.12
0,0.00
0,0.00
0,0.00
0,0.00
0,0.00
0,0.00
0,0.00
0,0.00
0,0.00
0,0.00
0,0.00
0,0.00
0,0.00
0,0.00
0,0.00
29,1175.61
4,210.60
0,0.00
9,326.48
28,891.78
51,1798.59
2,78.74
32,1056.51
62,1674.31
2,98.14
0,0.00
1,9.24
6,107.20
0,0.00
3,294.74
0,0.00
1,88.49
1,18.22
3,59.38
0,0.00
2,32.19
5,64.52
0,0.00
4,255.41
0,0.00
0,0.00
1,24.79
0,0.00
0,0.00
0,0.00
0,0.00
0,0.00
22,1759.35
16,1613.43
26,1092.27
0,0.00
2,17.24
0,0.00
0,0.00
13,303.33
0,0.00
26,1619.38
0,0.00
93,3464.13
237,9091.89
0,0.00
26,867.97
219,8023.87
71,2406.14
0,0.00
0,0.00
114,4712.87
111,3648.24
94,4419.17
138,5005.43
0,0.00
7,207.22
0,0.00
6,175.57
53,1250.67
40,1072.45
27,321.11
62,2005.63
38,1131.71
0,0.00
0,0.00
0,0.00
0,0.00
3,69.53
3,37.56
0,0.00
2,284.04
80,2025.10
8,192.53
0,0.00
3,71.86
74,3425.88
45,1950.43
62,2665.91
55,2781.70
0,0.00
2,84.57
2,122.51
0,0.00
18,847.33
0,0.00
0,0.00
22,896.54
6,144.14
4,273.70
2,90.61
0,0.00
0,0.00
19,488.37
0,0.00
80,3023.29
98,2861.76
313,10576.34
64,1960.85
67,2934.65
183,7650.67
1,56.12
3,139.18
1,12.25
0,0.00
3,166.14
0,0.00
0,0.00
0,0.00
0,0.00
7,204.52
0,0.00
59,2202.43
144,4953.92
24,814.85
495,16668.34
24,1316.84
9,373.58
135,3628.44
0,0.00
0,0.00
22,1544.87
5,441.57
23,1131.11
17,252.03
0,0.00
0,0.00
6,384.12
14,573.10
7,587.52
0,0.00
6,305.44
86,2723.84
5,105.52
6,164.99
0,0.00
0,0.00
7,432.24
0,0.00
1,11.12
0,0.00
2,102.12
61,1548.89
0,0.00
14,890.38
45,1441.90
1,30.00
0,0.00
5,76.30
0,0.00
7,210.82
7,120.26
0,0.00
16,588.67
0,0.00
11,396.44
12,836.64
10,349.97
0,0.00
0,0.00
5,64.42
17,900.47
17,848.26
6,319.49
187,4977.46
389,12350.62
298,8269.90
150,5247.05
126,3873.35
168,5290.21
63,1889.03
76,2334.27
0,0.00
0,0.00
50,2422.18
95,3346.81
97,2229.96
4,145.63
14,905.26
42,1668.41
140,6148.35
0,0.00
11,713.18
25,970.30
82,2548.44
0,0.00
0,0.00
0,0.00
0,0.00
1,47.60
229,8474.34
454,17974.02
175,3989.14
35,1059.07
0,0.00
11,175.70
8,184.16
0,0.00
0,0.00
13,354.34
0,0.00
59,2778.54
96,3343.75
2,147.04
0,0.00
3,360.36
0,0.00
1,29.32
5,305.82
15,511.43
0,0.00
0,0.00
0,0.00
0,0.00
0,0.00
0,0.00
0,0.00
0,0.00
3,35.51
2,84.31
0,0.00
0,0.00
3,60.84
0,0.00
0,0.00
0,0.00
0,0.00
31,1069.94
0,0.00
0,0.00
28,1123.43
78,2995.49
1,8.85
80,4126.78
27,752.17
13,343.68
0,0.00
0,0.00
2,34.49
0,0.00
64,2457.66
0,0.00
13,784.02
0,0.00
154,4359.57
56,2097.48
0,0.00
0,0.00
0,0.00
0,0.00
1,68.77
0,0.00
5,234.48
5,340.07
2,221.66
1,29.62
0,0.00
3,30.36
1,6.82
6,223.19
40,2207.35
0,0.00
8,418.29
0,0.00
1,9.39
0,0.00
92,3568.72
108,4531.02
0,0.00
0,0.00
0,0.00
40,1972.75
9,305.43
0,0.00
24,984.41
92,3847.64
0,0.00
0,0.00
0,0.00
0,0.00
3,196.46
3,106.73
18,622.08
0,0.00
9,151.23
16,603.96
1,33.14
1,8.22
148,7334.61
46,1296.70
0,0.00
0,0.00
48,1502.89
61,2365.13
0,0.00
0,0.00
24,1333.16
90,3483.50
0,0.00
0,0.00
345,31309.58
3,58.94
0,0.00
0,0.00
2,81.79
0,0.00
10,144.43
0,0.00
3,214.23
2,52.32
0,0.00
0,0.00
60,2209.38
21,603.40
4,234.36
0,0.00
9,381.15
0,0.00
340,14595.64
197,9064.57
0,0.00
0,0.00
1,140.47
2,135.84
0,0.00
0,0.00
2,28.27
0,0.00
3,253.91
0,0.00
6,272.35
0,0.00
20,2039.93
0,0.00
5,119.67
0,0.00
8,367.99
203,7568.03
25,943.85
0,0.00
0,0.00
6,192.54
71,2547.81
5,241.37
4,78.98
0,0.00
4,277.46
0,0.00
0,0.00
0,0.00
3,25.23
0,0.00
9,183.51
28,1739.64
11,435.09
6,96.92
5,268.82
79,3445.85
0,0.00
0,0.00
1,73.22
0,0.00
19,900.65
0,0.00
0,0.00
10,368.83
0,0.00
0,0.00
21,783.38
0,0.00
1,45.60
0,0.00
8,487.01
0,0.00
14,724.38
0,0.00
0,0.00
9,427.91
158,5638.94
160,7591.64
10,363.23
1,103.59
2,13.94
13,725.24
7,277.34
52,1407.59
0,0.00
0,0.00
0,0.00
202,7804.57
271,9478.28
39,1641.13
67,2335.29
0,0.00
125,4315.86
245,6713.64
0,0.00
0,0.00
31,1726.37
284,10287.41
10,277.78
0,0.00
0,0.00
0,0.00
49,1238.35
173,3875.49
1,28.09
0,0.00
14,822.50
7,292.06
0,0.00
13,387.66
9,349.76
15,891.55
44,1151.52
0,0.00
0,0.00
3,102.13
12,417.89
45,2256.38
0,0.00
0,0.00
19,382.48
81,3995.17
37,1808.09
6,287.80
6,232.14
0,0.00
0,0.00
2,37.42
70,2762.82
82,2784.44
0,0.00
1,91.62
2,12.32
0,0.00
6,242.39
0,0.00
0,0.00
243,7563.59
418,14528.45
29,841.57
0,0.00
0,0.00
9,728.83
1,45.02
16,1024.32
0,0.00
23,1315.22
8,179.18
68,929.05
6,103.02
13,508.88
0,0.00
1,10.62
0,0.00
3,21.53
1,10.59
3,62.19
10,208.83
0,0.00
11,235.10
26,773.14
1,22.99
0,0.00
18,953.23
21,962.30
7,433.36
4,294.15
0,0.00
0,0.00
0,0.00
0,0.00
27,540.36
0,0.00
6,232.92
0,0.00
0,0.00
0,0.00
2,23.36
0,0.00
2,131.64
0,0.00
0,0.00
33,826.35
88,3172.58
0,0.00
0,0.00
0,0.00
16,348.14
0,0.00
6,313.39
17,690.39
0,0.00
1,8.10
0,0.00
114,3958.70
76,3326.15
19,1260.34
0,0.00
46,1546.77
0,0.00
40,1510.88
0,0.00
144,3933.43
119,3434.20
52,1544.67
192,5833.55
172,6139.78
1,128.00
2,67.02
4,259.35
0,0.00
0,0.00
4,165.56
0,0.00
25,963.27
9,338.41
0,0.00
25,453.52
0,0.00
0,0.00
0,0.00
11,227.10
38,1715.13
22,690.51
0,0.00
39,1961.13
67,2863.69
0,0.00
26,553.86
0,0.00
11,651.00
19,921.70
36,2011.82
0,0.00
183,8854.53
13,315.66
3,160.13
0,0.00
0,0.00
10,844.71
24,1226.50
0,0.00
5,165.77
12,371.11
42,1346.33
28,1261.18
0,0.00
5,350.18
254,8362.99
386,16398.17
110,3315.07
108,3275.83
3,190.16
130,3216.77
206,6452.66
26,595.37
4,66.95
22,1013.82
0,0.00
4,207.41
4,269.31
0,0.00
12,667.49
10,871.63
0,0.00
6,322.35
0,0.00
2,201.37
0,0.00
30,1266.72
13,989.66
17,536.91
10,517.63
13,653.24
0,0.00
32,1605.01
21,578.74
57,2127.11
0,0.00
0,0.00
0,0.00
2,44.74
34,1130.92
15,650.68
92,3463.65
145,4828.27
146,4464.56
17,732.46
7,192.04
0,0.00
0,0.00
0,0.00
1,5.44
0,0.00
0,0.00
6,173.67
33,955.76
12,562.97
0,0.00
5,195.63
2,145.97
0,0.00
2,105.89
0,0.00
7,221.46
0,0.00
0,0.00
225,6737.55
110,4097.02
23,689.43
40,2222.82
4,124.00
2,64.09
0,0.00
173,5436.60
343,13678.15
0,0.00
0,0.00
0,0.00
0,0.00
0,0.00
1,107.27
3,161.38
10,176.32
15,683.50
7,501.92
0,0.00
9,629.76
16,873.67
34,1681.38
0,0.00
0,0.00
0,0.00
111,5241.12
0,0.00
0,0.00
1,40.47
0,0.00
77,2415.63
280,7904.31
384,16270.20
4,107.08
21,237.96
5,35.57
6,50.37
0,0.00
0,0.00
15,875.80
9,231.08
20,698.57
188,6144.59
128,5001.56
8,323.36
6,178.00
0,0.00
13,380.78
0,0.00
58,2828.64
98,3727.48
81,2312.74
138,5636.93
17,788.46
0,0.00
0,0.00
14,385.18
24,974.23
0,0.00
0,0.00
0,0.00
0,0.00
136,5588.46
194,7340.13
69,2339.23
0,0.00
0,0.00
5,195.38
0,0.00
3,180.34
184,6373.38
24,902.23
0,0.00
2,47.36
0,0.00
3,51.84
0,0.00
2,63.77
2,114.06
0,0.00
22,1185.59
0,0.00
0,0.00
27,913.96
0,0.00
3,90.53
0,0.00
4,64.58
0,0.00
10,316.93
31,1064.42
19,713.46
27,1161.04
6,219.89
12,1040.15
1,11.40
0,0.00
1,40.15
35,1277.75
79,3166.81
72,2345.86
184,5734.14
41,1545.62
0,0.00
10,562.70
0,0.00
0,0.00
0,0.00
0,0.00
0,0.00
133,4510.00
14,255.55
41,1543.44
54,3469.86
0,0.00
0,0.00
66,2343.85
29,1153.55
0,0.00
0,0.00
13,506.01
0,0.00
0,0.00
2,38.29
44,1475.15
25,566.32
40,1241.22
65,1299.21
64,1323.19
6,90.29
12,642.29
71,2469.09
105,4995.85
0,0.00
199,10298.92
139,5226.15
55,1636.28
46,1978.57
104,4075.06
89,4273.51
42,2462.57
59,3197.46
55,1889.15
48,1585.01
0,0.00
0,0.00
0,0.00
0,0.00
11,247.92
18,393.63
9,278.53
2,48.34
1,20.87
39,1536.30
54,2411.53
43,1640.94
56,1084.07
0,0.00
2,253.76
0,0.00
1,147.45
0,0.00
1,144.20
0,0.00
0,0.00
10,874.58
0,0.00
1,99.32
0,0.00
0,0.00
0,0.00
0,0.00
0,0.00
4,72.21
2,81.29
0,0.00
1,81.59
0,0.00
0,0.00
3,175.29
0,0.00
50,1929.05
3,184.09
6,105.90
0,0.00
72,3302.51
0,0.00
9,339.26
0,0.00
0,0.00
0,0.00
0,0.00
0,0.00
1,10.74
0,0.00
1,21.50
7,623.02
7,318.99
28,1041.98
1,94.57
15,809.50
0,0.00
8,226.93
0,0.00
0,0.00
3,85.49
12,457.42
0,0.00
0,0.00
0,0.00
0,0.00
0,0.00
5,117.75
0,0.00
113,4071.08
89,3691.56
53,1873.18
0,0.00
0,0.00
18,641.74
2,64.66
9,163.96
7,212.81
3,74.68
303,12215.59
64,2583.48
172,8144.49
118,4746.25
0,0.00
0,0.00
0,0.00
2,34.39
0,0.00
13,645.19
15,491.02
10,316.35
1,20.02
14,961.73
0,0.00
7,355.41
109,3072.95
242,7217.43
9,451.70
26,799.12
58,1608.31
1,29.67
1,107.05
0,0.00
0,0.00
15,747.03
0,0.00
0,0.00
2,54.96
25,985.15
0,0.00
0,0.00
12,751.37
214,8185.96
8,459.23
48,3378.34
3,168.54
2,96.52
0,0.00
0,0.00
0,0.00
0,0.00
1,19.29
24,1471.19
0,0.00
0,0.00
32,887.80
50,1455.34
0,0.00
34,1082.46
1,34.70
0,0.00
10,228.65
0,0.00
0,0.00
39,1116.57
26,1021.69
178,7051.19
52,1925.34
57,1541.38
122,5051.97
84,2433.51
45,1820.82
189,6419.98
388,15212.11
145,6473.30
1,74.92
7,351.04
18,935.69
31,1594.85
4,311.60
0,0.00
0,0.00
2,42.02
0,0.00
138,5987.16
81,4146.74
149,4948.15
67,2119.40
8,100.99
0,0.00
3,143.29
0,0.00
0,0.00
6,117.95
17,854.64
8,224.26
0,0.00
8,359.08
0,0.00
0,0.00
8,142.38
12,438.09
24,878.68
2,50.56
2,136.29
0,0.00
4,111.56
0,0.00
51,1711.72
0,0.00
1,83.39
101,3559.29
141,5508.08
0,0.00
65,2821.68
1,52.85
8,418.74
55,4796.51
8,1193.06
1,119.65
0,0.00
0,0.00
0,0.00
0,0.00
2,57.47
0,0.00
8,408.83
2,31.81
95,5131.71
0,0.00
0,0.00
10,325.15
13,325.28
0,0.00
0,0.00
28,948.01
40,1434.40
51,1789.27
64,1542.45
44,1575.91
3,333.88
30,1037.78
8,147.99
3,54.89
57,1665.86
0,0.00
11,414.00
0,0.00
0,0.00
0,0.00
84,3263.98
72,2864.90
0,0.00
0,0.00
127,3635.71
73,3490.44
28,1690.81
19,630.41
0,0.00
2,11.04
10,285.57
0,0.00
9,148.60
13,269.28
339,13596.77
63,2023.23
0,0.00
63,3029.59
68,2373.38
0,0.00
1,3.42
0,0.00
0,0.00
3,319.14
3,220.68
0,0.00
1,16.99
0,0.00
10,437.28
0,0.00
0,0.00
0,0.00
0,0.00
1,119.67
0,0.00
4,399.91
3,173.03
13,440.04
0,0.00
28,1184.73
18,1037.09
0,0.00
0,0.00
8,308.04
0,0.00
0,0.00
62,2957.79
136,5245.87
20,398.12
88,2431.77
1,10.97
0,0.00
0,0.00
14,468.08
1,72.10
5,601.88
0,0.00
0,0.00
133,5356.38
115,4748.45
0,0.00
0,0.00
0,0.00
0,0.00
0,0.00
0,0.00
2,329.84
0,0.00
0,0.00
7,313.54
0,0.00
0,0.00
0,0.00
12,277.47
3,33.33
7,171.77
77,2963.46
135,5599.68
7,479.72
34,2412.49
25,1609.98
7,359.51
0,0.00
0,0.00
0,0.00
0,0.00
3,113.38
15,944.68
19,803.92
0,0.00
2,39.07
7,366.32
0,0.00
0,0.00
8,306.23
41,921.99
36,997.16
23,682.31
0,0.00
0,0.00
2,21.81
1,149.52
0,0.00
0,0.00
1,94.22
0,0.00
3,255.79
0,0.00
0,0.00
0,0.00
0,0.00
2,115.07
0,0.00
0,0.00
0,0.00
7,545.02
9,274.11
225,8208.77
5,437.43
4,87.56
0,0.00
0,0.00
0,0.00
10,653.03
6,508.85
0,0.00
1,4.84
1,6.24
0,0.00
62,2366.61
33,889.49
9,325.66
3,144.76
4,135.86
23,519.81
51,1001.77
0,0.00
54,1795.36
76,3483.38
2,207.36
0,0.00
9,117.28
92,1747.91
2,126.66
0,0.00
17,389.19
18,690.08
0,0.00
0,0.00
0,0.00
0,0.00
0,0.00
0,0.00
0,0.00
13,366.91
0,0.00
5,252.92
0,0.00
0,0.00
0,0.00
39,2487.18
8,367.96
0,0.00
9,744.83
15,1279.15
75,3073.53
2,173.62
1,9.62
3,178.59
0,0.00
7,228.51
0,0.00
0,0.00
1,137.57
1,46.14
0,0.00
0,0.00
0,0.00
0,0.00
0,0.00
5,46.25
1,40.82
7,200.14
4,62.13
0,0.00
2,64.64
11,476.89
27,1576.12
37,789.84
3,164.79
0,0.00
34,1248.83
0,0.00
40,946.47
58,1848.23
24,395.78
0,0.00
1,88.04
23,766.41
1,40.29
14,539.61
0,0.00
32,948.84
64,1995.85
45,1011.10
13,424.54
2,68.89
0,0.00
27,954.97
124,3341.82
1,16.60
0,0.00
0,0.00
2,11.72
5,95.60
3,139.58
0,0.00
1,53.82
0,0.00
31,1360.90
0,0.00
33,1200.78
41,1967.54
12,585.67
6,357.04
0,0.00
0,0.00
18,755.58
26,1069.44
13,594.24
79,2631.68
0,0.00
30,2829.37
0,0.00
59,1838.15
0,0.00
0,0.00
48,1474.36
0,0.00
225,6746.51
233,9464.49
38,1866.04
43,1623.76
0,0.00
0,0.00
40,1119.54
0,0.00
0,0.00
0,0.00
0,0.00
0,0.00
28,879.88
56,2382.00
0,0.00
16,351.39
39,1297.73
26,1013.49
35,2977.78
8,308.38
18,756.56
3,377.46
35,3024.88
1,29.32
9,402.50
42,1495.51
160,7219.62
171,6973.74
64,2145.53
88,2325.16
17,465.87
0,0.00
0,0.00
32,620.16
0,0.00
2,77.56
0,0.00
0,0.00
0,0.00
1,14.94
0,0.00
0,0.00
2,178.06
0,0.00
0,0.00
0,0.00
0,0.00
0,0.00
0,0.00
3,116.58
4,99.13
31,1663.26
3,131.99
29,1597.65
49,1841.89
12,690.49
14,355.31
10,222.75
9,475.21
0,0.00
0,0.00
0,0.00
57,2660.84
0,0.00
25,1408.58
23,400.15
31,704.61
2,115.71
0,0.00
17,633.84
0,0.00
0,0.00
0,0.00
38,1390.88
23,1279.87
0,0.00
0,0.00
0,0.00
1,23.62
175,6044.29
100,3430.42
99,3177.38
213,8967.31
110,2181.51
138,4349.48
0,0.00
9,249.71
0,0.00
10,468.15
0,0.00
25,1855.18
4,318.60
248,10692.75
169,5407.29
10,322.27
15,592.33
205,6231.08
118,4591.86
205,6813.51
105,3689.30
0,0.00
0,0.00
0,0.00
0,0.00
0,0.00
0,0.00
145,4987.35
10,497.25
8,178.66
4,175.38
0,0.00
18,833.66
15,686.87
8,823.96
0,0.00
2,33.67
10,368.57
117,2251.85
7,182.76
5,112.95
19,320.75
19,598.25
2,56.67
1,8.32
0,0.00
0,0.00
15,860.00
25,804.17
5,165.57
5,115.75
0,0.00
0,0.00
205,4747.18
105,2717.06
0,0.00
5,254.47
24,1168.90
44,1522.34
9,296.88
0,0.00
0,0.00
1,101.67
109,3406.68
72,2548.46
0,0.00
0,0.00
11,255.97
5,63.37
0,0.00
5,354.95
0,0.00
0,0.00
9,149.60
0,0.00
2,39.24
6,397.52
49,1009.69
28,1080.83
2,93.92
0,0.00
0,0.00
2,38.72
97,3668.71
0,0.00
2,42.17
0,0.00
11,830.37
0,0.00
57,1731.09
13,273.38
236,8200.42
120,4268.34
36,950.47
0,0.00
3,58.29
2,20.54
0,0.00
9,369.83
12,521.97
10,630.57
7,302.82
0,0.00
39,1741.23
0,0.00
0,0.00
4,172.03
24,1008.85
160,9784.76
0,0.00
16,987.92
25,485.08
11,343.87
0,0.00
3,78.76
2,125.61
0,0.00
3,229.96
11,257.44
0,0.00
22,978.66
0,0.00
0,0.00
20,1247.68
0,0.00
0,0.00
4,263.56
0,0.00
0,0.00
0,0.00
333,11825.06
77,3008.44
3,62.18
0,0.00
0,0.00
3,19.09
0,0.00
0,0.00
54,2538.34
125,4720.42
35,841.37
48,1437.89
66,1971.59
7,301.84
17,1350.04
0,0.00
0,0.00
6,381.04
1,10.64
0,0.00
15,1108.21
0,0.00
0,0.00
4,213.80
0,0.00
3,181.08
0,0.00
0,0.00
0,0.00
7,611.29
59,2228.61
21,740.44
212,8008.07
67,1949.06
2,22.36
0,0.00
0,0.00
0,0.00
7,318.22
0,0.00
322,15034.90
3,27.39
50,1100.59
3,37.19
0,0.00
0,0.00
29,1038.91
0,0.00
0,0.00
0,0.00
0,0.00
0,0.00
0,0.00
7,126.04
0,0.00
6,468.54
7,294.06
23,968.79
0,0.00
11,264.50
0,0.00
0,0.00
3,335.66
0,0.00
0,0.00
6,445.60
0,0.00
3,132.13
0,0.00
5,272.37
2,206.94
0,0.00
36,1914.38
0,0.00
1,43.29
1,148.39
0,0.00
33,1408.54
32,1562.36
0,0.00
27,854.87
1,25.19
0,0.00
0,0.00
134,4764.79
121,4299.44
134,5450.18
3,111.84
0,0.00
0,0.00
27,736.56
74,2239.85
17,346.32
271,9332.73
252,7774.10
0,0.00
6,194.65
0,0.00
192,5420.54
99,2628.43
0,0.00
1,113.62
0,0.00
0,0.00
0,0.00
10,435.10
20,1093.17
1,119.44
0,0.00
4,283.98
17,701.02
38,1109.58
0,0.00
0,0.00
190,6539.57
32,641.44
2,21.21
0,0.00
0,0.00
2,123.47
10,315.52
96,3677.76
0,0.00
2,107.24
86,4228.08
242,11048.65
334,9198.13
73,1928.65
0,0.00
16,375.24
45,2042.28
308,11962.48
229,8576.25
0,0.00
0,0.00
3,220.09
2,72.34
17,1180.24
0,0.00
1,123.85
4,173.08
0,0.00
56,2438.89
55,2141.73
8,427.01
23,1086.06
30,1108.78
67,2184.02
5,119.02
2,67.34
0,0.00
17,519.27
24,954.50
3,131.44
16,905.07
0,0.00
237,8343.13
299,12276.55
38,2923.25
0,0.00
0,0.00
0,0.00
5,197.45
9,861.16
0,0.00
4,168.00
4,45.13
0,0.00
18,489.43
31,1020.35
1,11.67
0,0.00
7,110.67
21,1274.42
6,257.19
8,300.43
190,7498.17
126,5433.80
0,0.00
12,483.06
106,5048.98
131,5403.00
12,826.87
4,217.15
0,0.00
0,0.00
0,0.00
0,0.00
41,720.92
87,3559.32
0,0.00
0,0.00
5,296.20
7,253.27
9,365.26
57,1264.66
19,489.83
0,0.00
34,1427.93
191,8576.49
42,1804.27
80,3313.78
7,458.04
0,0.00
0,0.00
0,0.00
114,4345.58
51,1822.64
45,1851.75
72,3592.69
0,0.00
0,0.00
0,0.00
0,0.00
0,0.00
7,352.19
33,881.68
6,129.80
28,1646.14
27,1139.26
0,0.00
0,0.00
78,3976.72
21,645.20
34,1758.71
14,707.58
0,0.00
6,455.04
7,465.74
2,68.06
0,0.00
9,346.61
7,433.27
0,0.00
0,0.00
235,9108.66
411,13541.22
17,304.63
93,3372.84
26,700.65
0,0.00
15,592.20
0,0.00
1,10.84
0,0.00
250,7594.51
125,4362.35
247,10113.50
394,12984.58
0,0.00
8,508.06
9,298.96
3,70.61
141,6396.53
161,6704.37
7,272.99
3,11.94
0,0.00
0,0.00
2,13.84
2,55.56
21,1120.45
2,9.71
7,80.11
5,157.98
1,26.44
0,0.00
3,24.73
0,0.00
24,619.00
50,1928.52
113,3346.68
36,1893.58
31,1148.04
0,0.00
0,0.00
0,0.00
0,0.00
43,1303.01
90,2570.24
0,0.00
5,113.02
4,151.06
4,58.60
0,0.00
4,217.76
57,2311.36
37,1169.49
2,14.44
25,654.35
0,0.00
0,0.00
1,7.69
0,0.00
11,436.74
10,517.35
4,42.88
0,0.00
0,0.00
0,0.00
0,0.00
0,0.00
45,2016.18
198,6447.15
0,0.00
0,0.00
0,0.00
3,145.23
0,0.00
0,0.00
164,6078.23
253,9852.93
102,3406.04
37,1126.78
13,492.68
0,0.00
1,8.10
3,156.43
0,0.00
0,0.00
0,0.00
2,239.41
4,243.63
5,532.87
48,2004.74
23,994.29
0,0.00
177,7812.37
8,677.41
0,0.00
3,104.86
0,0.00
56,1896.06
20,298.59
1,3.65
109,4291.27
88,2545.10
0,0.00
0,0.00
0,0.00
108,4228.03
21,538.16
18,669.08
63,1273.37
0,0.00
0,0.00
37,1074.77
56,1233.16
0,0.00
0,0.00
0,0.00
0,0.00
89,3293.00
106,4378.69
84,3930.33
39,1964.90
16,762.54
28,1114.78
31,1327.29
8,255.18
4,119.48
1,26.65
8,280.83
1,62.52
49,2365.31
48,1553.73
47,1437.26
72,3596.44
15,283.10
107,3650.96
0,0.00
5,187.80
1,29.94
0,0.00
2,173.64
0,0.00
13,590.53
0,0.00
0,0.00
0,0.00
0,0.00
0,0.00
1,6.45
1,6.20
0,0.00
0,0.00
0,0.00
96,4410.93
93,4111.14
51,2047.04
10,361.02
2,137.14
0,0.00
1,12.25
4,154.85
21,1260.93
0,0.00
0,0.00
0,0.00
6,116.74
10,417.45
8,293.29
3,133.64
37,1531.64
1,53.57
14,681.80
146,7724.64
37,1244.27
48,1485.73
12,550.81
68,2509.93
74,3203.65
39,1357.30
10,217.22
0,0.00
11,346.02
0,0.00
2,61.31
6,507.47
181,7581.79
22,581.82
108,3667.56
256,8346.36
18,670.78
5,236.07
0,0.00
0,0.00
0,0.00
10,536.95
0,0.00
0,0.00
0,0.00
0,0.00
0,0.00
6,387.40
0,0.00
70,3630.45
15,294.88
0,0.00
0,0.00
0,0.00
0,0.00
0,0.00
0,0.00
13,480.46
0,0.00
0,0.00
0,0.00
3,119.83
0,0.00
22,700.52
0,0.00
2,57.09
5,254.43
26,731.42
19,411.20
16,290.44
4,242.86
112,4219.07
114,3863.20
5,261.98
0,0.00
0,0.00
49,2177.66
27,1301.04
0,0.00
0,0.00
0,0.00
12,257.17
0,0.00
0,0.00
0,0.00
0,0.00
2,69.67
0,0.00
3,183.31
0,0.00
0,0.00
18,1102.37
10,638.18
5,143.32
6,179.97
12,428.77
5,208.43
1,10.59
0,0.00
0,0.00
0,0.00
0,0.00
4,90.36
24,1326.38
92,3381.29
92,3170.25
51,1281.79
0,0.00
0,0.00
117,2847.10
38,1157.43
17,296.22
4,165.11
0,0.00
0,0.00
0,0.00
0,0.00
18,802.62
30,992.15
0,0.00
8,278.79
39,1648.30
12,551.27
69,2604.08
40,1610.55
46,2208.32
43,1526.23
38,1376.48
20,331.78
5,138.63
0,0.00
0,0.00
3,51.56
23,1237.58
250,7186.10
213,7759.94
1,198.77
28,973.24
0,0.00
3,109.98
77,2703.42
38,989.23
8,333.21
35,1453.72
535,15959.18
213,7058.63
0,0.00
19,1345.41
0,0.00
0,0.00
17,240.58
4,117.16
21,802.62
16,653.97
39,3066.02
4,182.66
4,96.23
0,0.00
0,0.00
12,435.17
0,0.00
11,193.52
68,3884.54
171,6844.81
69,3119.61
41,1562.67
60,2775.75
0,0.00
13,893.76
4,69.28
3,70.54
0,0.00
0,0.00
34,1528.34
1,26.52
0,0.00
27,857.26
0,0.00
0,0.00
7,152.66
0,0.00
1,180.17
0,0.00
0,0.00
0,0.00
2,22.04
0,0.00
0,0.00
3,39.98
10,350.08
6,325.09
0,0.00
0,0.00
0,0.00
3,83.41
24,1420.68
13,686.54
13,492.43
33,5369.53
0,0.00
1,39.45
0,0.00
8,166.13
0,0.00
9,268.00
0,0.00
4,82.23
4,183.55
4,128.80
11,615.79
16,741.44
0,0.00
8,305.54
14,996.63
6,336.57
0,0.00
24,1062.05
168,6328.03
199,8668.25
145,6271.05
5,637.32
10,483.95
1,45.45
0,0.00
0,0.00
0,0.00
6,315.62
52,2033.44
97,4603.76
378,14710.21
200,8680.03
589,24688.34
90,3636.39
0,0.00
0,0.00
68,2678.63
45,1092.82
25,1090.25
0,0.00
7,113.34
5,38.48
0,0.00
0,0.00
1,16.20
3,209.43
0,0.00
0,0.00
9,384.58
2,42.21
3,242.36
0,0.00
176,6198.49
33,1610.73
22,1004.92
0,0.00
1,82.10
249,9653.47
28,1351.26
0,0.00
153,4945.37
130,4314.21
0,0.00
20,827.90
9,233.20
0,0.00
0,0.00
0,0.00
3,349.41
3,424.36
0,0.00
1,33.85
0,0.00
0,0.00
1,4.89
0,0.00
4,141.51
0,0.00
0,0.00
0,0.00
0,0.00
0,0.00
3,13.28
11,486.60
16,819.54
2,51.81
0,0.00
42,1830.59
208,8148.20
23,843.49
17,513.01
39,1742.10
0,0.00
6,134.19
0,0.00
0,0.00
20,718.77
0,0.00
268,9928.42
95,3653.57
0,0.00
0,0.00
1,66.14
3,137.04
162,4710.11
12,228.86
12,946.61
2,90.62
1,23.89
0,0.00
0,0.00
0,0.00
32,1441.96
3,307.98
2,31.01
0,0.00
0,0.00
0,0.00
27,1033.16
0,0.00
32,1739.35
4,204.68
10,281.78
4,190.46
0,0.00
124,3300.54
48,1814.23
0,0.00
1,38.20
0,0.00
0,0.00
0,0.00
23,2249.59
7,395.01
1,96.35
60,1718.17
44,1178.24
0,0.00
0,0.00
253,15315.60
28,860.16
7,631.69
0,0.00
4,122.18
2,52.07
17,898.02
0,0.00
0,0.00
655,22020.39
0,0.00
0,0.00
3,77.33
1,29.89
18,1405.32
46,1378.59
69,2212.87
72,2597.56
38,1108.80
2,21.84
88,3311.52
0,0.00
8,242.56
123,4863.94
0,0.00
33,698.43
0,0.00
36,746.14
0,0.00
0,0.00
3,173.13
2,264.22
48,1721.01
12,885.72
0,0.00
84,2417.83
0,0.00
0,0.00
141,5752.37
95,3956.81
57,3319.46
42,2340.67
53,2092.34
28,834.64
6,220.04
66,2779.17
32,1042.51
0,0.00
5,101.15
0,0.00
35,5758.89
0,0.00
0,0.00
1,124.27
0,0.00
76,3494.80
24,1181.01
19,674.98
6,328.94
2,124.04
0,0.00
0,0.00
27,853.88
37,1135.36
0,0.00
0,0.00
9,604.46
0,0.00
0,0.00
7,285.11
0,0.00
2,18.57
0,0.00
0,0.00
26,1203.77
0,0.00
5,391.18
0,0.00
7,296.64
0,0.00
0,0.00
6,241.55
0,0.00
7,260.22
35,1605.78
0,0.00
36,1392.02
400,19166.71
163,5232.38
30,931.88
93,1663.60
10,750.40
1,67.52
0,0.00
9,484.83
5,141.98
0,0.00
18,571.99
28,710.54
1,90.42
0,0.00
344,11660.05
265,10514.70
10,383.92
0,0.00
0,0.00
20,1224.88
0,0.00
0,0.00
378,15280.80
345,11473.11
0,0.00
0,0.00
2,175.94
5,272.38
82,4799.35
110,4257.45
5,196.93
8,208.53
0,0.00
0,0.00
81,3333.14
56,2304.84
8,203.24
7,179.36
0,0.00
0,0.00
57,1421.54
74,1884.19
9,149.53
0,0.00
27,779.54
0,0.00
40,1037.35
6,177.85
0,0.00
12,580.09
74,1891.62
0,0.00
25,749.25
19,547.90
3,92.23
0,0.00
5,97.57
53,1243.00
0,0.00
0,0.00
41,1070.87
51,1896.10
208,5725.73
14,242.16
1,89.77
0,0.00
0,0.00
31,1263.89
2,44.07
0,0.00
1,24.30
0,0.00
14,312.43
107,3899.74
19,785.61
310,9099.10
0,0.00
19,788.06
9,278.23
13,425.19
46,1720.79
104,4196.24
0,0.00
69,2661.97
331,10272.81
231,11289.54
244,12574.14
0,0.00
0,0.00
7,358.64
0,0.00
26,1033.30
0,0.00
53,1680.64
9,156.95
2,18.99
0,0.00
0,0.00
17,839.66
6,351.54
0,0.00
0,0.00
8,166.26
30,917.33
3,46.83
7,202.82
7,386.51
9,248.00
22,463.58
2,109.61
10,667.72
32,756.88
29,922.05
168,3868.41
180,7228.38
0,0.00
5,727.76
3,158.94
76,1571.59
78,1884.82
9,221.73
0,0.00
143,5413.41
27,714.97
4,142.70
0,0.00
0,0.00
0,0.00
0,0.00
3,94.29
2,27.89
0,0.00
0,0.00
0,0.00
49,1267.89
2,269.72
29,795.76
0,0.00
4,94.56
66,4093.90
172,7593.37
