1,12.92
0,0.00
0,0.00
0,0.00
2,31.95
0,0.00
0,0.00
0,0.00
0,0.00
0,0.00
0,0.00
0,0.00
0,0.00
0,0.00
0,0.00
0,0.00
1,21.19
2,48.72
0,0.00
0,0.00
0,0.00
0,0.00
0,0.00
0,0.00
0,0.00
1,36.72
0,0.00
1,27.37
0,0.00
1,6.99
0,0.00
0,0.00
0,0.00
1,28.30
0,0.00
0,0.00
1,9.48
0,0.00
0,0.00
0,0.00
0,0.00
0,0.00
0,0.00
0,0.00
0,0.00
0,0.00
1,16.09
1,34.99
0,0.00
0,0.00
0,0.00
1,29.37
0,0.00
0,0.00
0,0.00
0,0.00
0,0.00
0,0.00
0,0.00
0,0.00
0,0.00
0,0.00
0,0.00
0,0.00
0,0.00
0,0.00
1,48.23
0,0.00
0,0.00
0,0.00
0,0.00
0,0.00
0,0.00
0,0.00
0,0.00
0,0.00
0,0.00
0,0.00
0,0.00
1,9.67
0,0.00
0,0.00
0,0.00
0,0.00
0,0.00
0,0.00
0,0.00
0,0.00
0,0.00
0,0.00
0,0.00
2,76.69
0,0.00
0,0.00
0,0.00
0,0.00
1,57.50
0,0.00
0,0.00
0,0.00
0,0.00
0,0.00
0,0.00
0,0.00
1,75.34
1,6.33
0,0.00
10,279.32
0,0.00
0,0.00
0,0.00
0,0.00
1,20.33
2,20.57
0,0.00
0,0.00
0,0.00
0,0.00
0,0.00
0,0.00
0,0.00
0,0.00
0,0.00
0,0.00
0,0.00
0,0.00
0,0.00
0,0.00
3,370.17
0,0.00
0,0.00
0,0.00
0,0.00
0,0.00
0,0.00
0,0.00
2,61.84
1,8.93
0,0.00
0,0.00
0,0.00
0,0.00
0,0.00
0,0.00
0,0.00
2,45.75
0,0.00
0,0.00
0,0.00
0,0.00
0,0.00
0,0.00
0,0.00
0,0.00
0,0.00
0,0.00
0,0.00
0,0.00
0,0.00
0,0.00
0,0.00
0,0.00
0,0.00
0,0.00
0,0.00
0,0.00
0,0.00
1,35.90
0,0.00
0,0.00
0,0.00
1,21.80
1,29.88
0,0.00
0,0.00
0,0.00
1,26.92
0,0.00
0,0.00
0,0.00
0,0.00
0,0.00
0,0.00
0,0.00
0,0.00
0,0.00
0,0.00
2,52.77
0,0.00
1,16.72
2,53.29
0,0.00
0,0.00
0,0.00
0,0.00
0,0.00
0,0.00
2,78.14
0,0.00
0,0.00
0,0.00
0,0.00
0,0.00
0,0.00
0,0.00
0,0.00
0,0.00
0,0.00
0,0.00
0,0.00
0,0.00
0,0.00
0,0.00
0,0.00
0,0.00
0,0.00
0,0.00
0,0.00
0,0.00
0,0.00
0,0.00
0,0.00
0,0.00
0,0.00
0,0.00
0,0.00
0,0.00
0,0.00
0,0.00
0,0.00
0,0.00
0,0.00
0,0.00
0,0.00
0,0.00
0,0.00
0,0.00
0,0.00
0,0.00
0,0.00
0,0.00
0,0.00
0,0.00
0,0.00
0,0.00
0,0.00
0,0.00
0,0.00
0,0.00
1,9.22
1,15.25
0,0.00
0,0.00
0,0.00
0,0.00
0,0.00
0,0.00
0,0.00
0,0.00
0,0.00
0,0.00
0,0.00
0,0.00
0,0.00
0,0.00
0,0.00
0,0.00
0,0.00
0,0.00
0,0.00
0,0.00
0,0.00
0,0.00
0,0.00
0,0.00
0,0.00
0,0.00
0,0.00
0,0.00
0,0.00
0,0.00
0,0.00
0,0.00
0,0.00
0,0.00
0,0.00
0,0.00
0,0.00
0,0.00
0,0.00
0,0.00
0,0.00
0,0.00
0,0.00
0,0.00
0,0.00
0,0.00
0,0.00
0,0.00
0,0.00
0,0.00
0,0.00
0,0.00
0,0.00
0,0.00
0,0.00
0,0.00
0,0.00
0,0.00
0,0.00
0,0.00
0,0.00
0,0.00
0,0.00
0,0.00
0,0.00
0,0.00
0,0.00
0,0.00
0,0.00
0,0.00
0,0.00
0,0.00
0,0.00
0,0.00
0,0.00
0,0.00
0,0.00
0,0.00
0,0.00
0,0.00
0,0.00
0,0.00
0,0.00
0,0.00
0,0.00
0,0.00
0,0.00
0,0.00
0,0.00
0,0.00
0,0.00
0,0.00
0,0.00
0,0.00
0,0.00
0,0.00
0,0.00
0,0.00
0,0.00
0,0.00
0,0.00
0,0.00
0,0.00
0,0.00
0,0.00
0,0.00
0,0.00
0,0.00
0,0.00
0,0.00
0,0.00
0,0.00
0,0.00
0,0.00
0,0.00
0,0.00
0,0.00
0,0.00
0,0.00
0,0.00
0,0.00
0,0.00
0,0.00
0,0.00
0,0.00
0,0.00
0,0.00
0,0.00
0,0.00
0,0.00
0,0.00
0,0.00
0,0.00
0,0.00
0,0.00
0,0.00
0,0.00
0,0.00
0,0.00
0,0.00
0,0.00
0,0.00
0,0.00
0,0.00
0,0.00
0,0.00
0,0.00
0,0.00
0,0.00
0,0.00
0,0.00
0,0.00
0,0.00
0,0.00
0,0.00
0,0.00
0,0.00
0,0.00
0,0.00
0,0.00
0,0.00
0,0.00
0,0.00
0,0.00
0,0.00
0,0.00
0,0.00
0,0.00
0,0.00
0,0.00
0,0.00
0,0.00
0,0.00
0,0.00
0,0.00
0,0.00
0,0.00
0,0.00
0,0.00
0,0.00
0,0.00
0,0.00
0,0.00
0,0.00
0,0.00
0,0.00
0,0.00
0,0.00
0,0.00
0,0.00
0,0.00
0,0.00
0,0.00
0,0.00
0,0.00
0,0.00
0,0.00
0,0.00
0,0.00
0,0.00
0,0.00
0,0.00
0,0.00
0,0.00
0,0.00
0,0.00
0,0.00
0,0.00
0,0.00
0,0.00
0,0.00
0,0.00
0,0.00
0,0.00
0,0.00
0,0.00
0,0.00
0,0.00
0,0.00
0,0.00
0,0.00
0,0.00
0,0.00
0,0.00
0,0.00
0,0.00
0,0.00
0,0.00
0,0.00
0,0.00
0,0.00
0,0.00
0,0.00
0,0.00
0,0.00
0,0.00
0,0.00
0,0.00
0,0.00
0,0.00
0,0.00
0,0.00
0,0.00
0,0.00
0,0.00
0,0.00
0,0.00
0,0.00
0,0.00
0,0.00
0,0.00
0,0.00
0,0.00
0,0.00
0,0.00
0,0.00
0,0.00
0,0.00
0,0.00
0,0.00
0,0.00
0,0.00
0,0.00
0,0.00
0,0.00
0,0.00
0,0.00
0,0.00
0,0.00
0,0.00
0,0.00
0,0.00
0,0.00
0,0.00
0,0.00
0,0.00
0,0.00
0,0.00
0,0.00
0,0.00
0,0.00
0,0.00
0,0.00
0,0.00
0,0.00
0,0.00
0,0.00
0,0.00
0,0.00
0,0.00
0,0.00
0,0.00
0,0.00
0,0.00
0,0.00
0,0.00
0,0.00
0,0.00
0,0.00
0,0.00
0,0.00
0,0.00
0,0.00
0,0.00
0,0.00
0,0.00
0,0.00
0,0.00
0,0.00
0,0.00
0,0.00
0,0.00
0,0.00
0,0.00
0,0.00
0,0.00
0,0.00
0,0.00
0,0.00
0,0.00
0,0.00
0,0.00
0,0.00
0,0.00
0,0.00
0,0.00
0,0.00
0,0.00
0,0.00
0,0.00
0,0.00
0,0.00
0,0.00
0,0.00
0,0.00
0,0.00
0,0.00
0,0.00
0,0.00
0,0.00
0,0.00
0,0.00
0,0.00
0,0.00
0,0.00
0,0.00
0,0.00
0,0.00
0,0.00
0,0.00
0,0.00
0,0.00
0,0.00
0,0.00
0,0.00
0,0.00
0,0.00
0,0.00
0,0.00
0,0.00
0,0.00
0,0.00
0,0.00
0,0.00
0,0.00
0,0.00
0,0.00
0,0.00
0,0.00
0,0.00
0,0.00
0,0.00
0,0.00
0,0.00
0,0.00
0,0.00
0,0.00
0,0.00
0,0.00
0,0.00
0,0.00
0,0.00
0,0.00
0,0.00
0,0.00
0,0.00
0,0.00
0,0.00
0,0.00
0,0.00
0,0.00
0,0.00
0,0.00
0,0.00
0,0.00
0,0.00
0,0.00
0,0.00
0,0.00
0,0.00
0,0.00
0,0.00
0,0.00
0,0.00
0,0.00
0,0.00
0,0.00
0,0.00
0,0.00
0,0.00
0,0.00
0,0.00
0,0.00
0,0.00
0,0.00
0,0.00
0,0.00
0,0.00
0,0.00
0,0.00
0,0.00
0,0.00
0,0.00
0,0.00
0,0.00
0,0.00
0,0.00
0,0.00
0,0.00
0,0.00
0,0.00
0,0.00
0,0.00
0,0.00
0,0.00
0,0.00
0,0.00
0,0.00
0,0.00
0,0.00
0,0.00
0,0.00
0,0.00
0,0.00
0,0.00
0,0.00
0,0.00
0,0.00
0,0.00
0,0.00
0,0.00
0,0.00
0,0.00
0,0.00
0,0.00
0,0.00
0,0.00
0,0.00
0,0.00
0,0.00
0,0.00
0,0.00
0,0.00
0,0.00
0,0.00
0,0.00
0,0.00
0,0.00
0,0.00
0,0.00
0,0.00
0,0.00
0,0.00
0,0.00
0,0.00
0,0.00
0,0.00
0,0.00
0,0.00
0,0.00
0,0.00
0,0.00
0,0.00
0,0.00
0,0.00
0,0.00
0,0.00
0,0.00
0,0.00
0,0.00
0,0.00
0,0.00
0,0.00
0,0.00
0,0.00
0,0.00
0,0.00
0,0.00
0,0.00
0,0.00
0,0.00
0,0.00
0,0.00
0,0.00
0,0.00
0,0.00
0,0.00
0,0.00
0,0.00
0,0.00
0,0.00
0,0.00
0,0.00
0,0.00
0,0.00
0,0.00
0,0.00
0,0.00
0,0.00
0,0.00
0,0.00
0,0.00
0,0.00
0,0.00
0,0.00
0,0.00
0,0.00
0,0.00
0,0.00
0,0.00
0,0.00
0,0.00
0,0.00
0,0.00
0,0.00
0,0.00
0,0.00
0,0.00
0,0.00
0,0.00
0,0.00
0,0.00
0,0.00
0,0.00
0,0.00
0,0.00
0,0.00
0,0.00
0,0.00
0,0.00
0,0.00
0,0.00
0,0.00
0,0.00
0,0.00
0,0.00
0,0.00
0,0.00
0,0.00
0,0.00
0,0.00
0,0.00
0,0.00
0,0.00
0,0.00
0,0.00
0,0.00
0,0.00
0,0.00
0,0.00
0,0.00
0,0.00
0,0.00
0,0.00
0,0.00
0,0.00
0,0.00
0,0.00
0,0.00
0,0.00
0,0.00
0,0.00
0,0.00
0,0.00
0,0.00
0,0.00
0,0.00
0,0.00
0,0.00
0,0.00
0,0.00
0,0.00
0,0.00
0,0.00
0,0.00
0,0.00
0,0.00
0,0.00
0,0.00
0,0.00
0,0.00
0,0.00
0,0.00
0,0.00
0,0.00
0,0.00
0,0.00
0,0.00
0,0.00
0,0.00
0,0.00
0,0.00
0,0.00
0,0.00
0,0.00
0,0.00
0,0.00
0,0.00
0,0.00
0,0.00
0,0.00
0,0.00
0,0.00
0,0.00
0,0.00
0,0.00
0,0.00
0,0.00
0,0.00
0,0.00
0,0.00
0,0.00
0,0.00
0,0.00
0,0.00
0,0.00
0,0.00
0,0.00
0,0.00
0,0.00
0,0.00
0,0.00
0,0.00
0,0.00
0,0.00
0,0.00
0,0.00
0,0.00
0,0.00
0,0.00
0,0.00
0,0.00
0,0.00
0,0.00
0,0.00
0,0.00
0,0.00
0,0.00
0,0.00
0,0.00
0,0.00
0,0.00
0,0.00
0,0.00
0,0.00
0,0.00
0,0.00
0,0.00
0,0.00
0,0.00
0,0.00
0,0.00
0,0.00
0,0.00
0,0.00
0,0.00
0,0.00
0,0.00
0,0.00
0,0.00
0,0.00
0,0.00
0,0.00
0,0.00
0,0.00
0,0.00
0,0.00
0,0.00
0,0.00
0,0.00
0,0.00
0,0.00
0,0.00
0,0.00
0,0.00
0,0.00
0,0.00
0,0.00
0,0.00
0,0.00
0,0.00
0,0.00
0,0.00
0,0.00
0,0.00
0,0.00
0,0.00
0,0.00
0,0.00
0,0.00
0,0.00
0,0.00
0,0.00
0,0.00
0,0.00
0,0.00
0,0.00
0,0.00
0,0.00
0,0.00
0,0.00
0,0.00
0,0.00
0,0.00
0,0.00
0,0.00
0,0.00
0,0.00
0,0.00
0,0.00
0,0.00
0,0.00
0,0.00
0,0.00
0,0.00
0,0.00
0,0.00
0,0.00
0,0.00
0,0.00
0,0.00
0,0.00
0,0.00
0,0.00
0,0.00
0,0.00
0,0.00
0,0.00
0,0.00
0,0.00
0,0.00
0,0.00
0,0.00
0,0.00
0,0.00
0,0.00
0,0.00
0,0.00
0,0.00
0,0.00
0,0.00
0,0.00
0,0.00
0,0.00
0,0.00
0,0.00
0,0.00
0,0.00
0,0.00
0,0.00
0,0.00
0,0.00
0,0.00
0,0.00
0,0.00
0,0.00
0,0.00
0,0.00
0,0.00
0,0.00
0,0.00
0,0.00
0,0.00
0,0.00
0,0.00
0,0.00
0,0.00
0,0.00
0,0.00
0,0.00
0,0.00
0,0.00
0,0.00
0,0.00
0,0.00
0,0.00
0,0.00
0,0.00
0,0.00
0,0.00
0,0.00
0,0.00
0,0.00
0,0.00
0,0.00
0,0.00
0,0.00
0,0.00
0,0.00
0,0.00
0,0.00
0,0.00
0,0.00
0,0.00
0,0.00
0,0.00
0,0.00
0,0.00
0,0.00
0,0.00
0,0.00
0,0.00
0,0.00
0,0.00
0,0.00
0,0.00
0,0.00
0,0.00
0,0.00
0,0.00
0,0.00
0,0.00
1,35.63
0,0.00
0,0.00
0,0.00
0,0.00
0,0.00
0,0.00
0,0.00
0,0.00
0,0.00
0,0.00
0,0.00
0,0.00
0,0.00
0,0.00
0,0.00
0,0.00
0,0.00
0,0.00
0,0.00
0,0.00
0,0.00
0,0.00
0,0.00
0,0.00
0,0.00
0,0.00
0,0.00
0,0.00
0,0.00
0,0.00
0,0.00
0,0.00
0,0.00
0,0.00
0,0.00
0,0.00
0,0.00
0,0.00
0,0.00
0,0.00
0,0.00
0,0.00
0,0.00
0,0.00
0,0.00
0,0.00
0,0.00
0,0.00
0,0.00
0,0.00
0,0.00
0,0.00
0,0.00
0,0.00
0,0.00
0,0.00
0,0.00
0,0.00
0,0.00
0,0.00
0,0.00
0,0.00
0,0.00
0,0.00
0,0.00
0,0.00
0,0.00
0,0.00
0,0.00
0,0.00
0,0.00
0,0.00
0,0.00
0,0.00
0,0.00
0,0.00
0,0.00
0,0.00
0,0.00
0,0.00
0,0.00
0,0.00
0,0.00
0,0.00
0,0.00
0,0.00
0,0.00
0,0.00
0,0.00
0,0.00
0,0.00
0,0.00
0,0.00
0,0.00
0,0.00
0,0.00
0,0.00
0,0.00
0,0.00
0,0.00
0,0.00
0,0.00
0,0.00
0,0.00
0,0.00
0,0.00
0,0.00
0,0.00
0,0.00
0,0.00
0,0.00
0,0.00
0,0.00
0,0.00
0,0.00
0,0.00
0,0.00
0,0.00
0,0.00
0,0.00
0,0.00
0,0.00
0,0.00
0,0.00
0,0.00
0,0.00
0,0.00
0,0.00
0,0.00
0,0.00
0,0.00
0,0.00
0,0.00
0,0.00
0,0.00
0,0.00
0,0.00
0,0.00
0,0.00
0,0.00
0,0.00
0,0.00
0,0.00
0,0.00
0,0.00
0,0.00
0,0.00
0,0.00
0,0.00
0,0.00
0,0.00
0,0.00
0,0.00
0,0.00
0,0.00
0,0.00
0,0.00
0,0.00
0,0.00
0,0.00
0,0.00
0,0.00
0,0.00
0,0.00
0,0.00
0,0.00
0,0.00
0,0.00
0,0.00
0,0.00
0,0.00
0,0.00
0,0.00
0,0.00
0,0.00
0,0.00
0,0.00
0,0.00
0,0.00
0,0.00
0,0.00
0,0.00
0,0.00
0,0.00
0,0.00
0,0.00
0,0.00
0,0.00
0,0.00
0,0.00
0,0.00
0,0.00
0,0.00
0,0.00
0,0.00
0,0.00
0,0.00
0,0.00
0,0.00
0,0.00
0,0.00
1,3.69
0,0.00
0,0.00
0,0.00
0,0.00
0,0.00
0,0.00
0,0.00
0,0.00
0,0.00
0,0.00
0,0.00
0,0.00
0,0.00
0,0.00
0,0.00
0,0.00
0,0.00
0,0.00
0,0.00
0,0.00
1,61.40
0,0.00
0,0.00
0,0.00
0,0.00
0,0.00
0,0.00
0,0.00
0,0.00
0,0.00
0,0.00
0,0.00
0,0.00
0,0.00
0,0.00
0,0.00
0,0.00
0,0.00
0,0.00
0,0.00
0,0.00
0,0.00
0,0.00
0,0.00
0,0.00
0,0.00
0,0.00
0,0.00
0,0.00
0,0.00
0,0.00
0,0.00
0,0.00
0,0.00
0,0.00
0,0.00
0,0.00
0,0.00
0,0.00
0,0.00
0,0.00
0,0.00
0,0.00
0,0.00
0,0.00
0,0.00
0,0.00
0,0.00
0,0.00
0,0.00
0,0.00
0,0.00
0,0.00
0,0.00
0,0.00
0,0.00
0,0.00
0,0.00
0,0.00
0,0.00
0,0.00
0,0.00
0,0.00
0,0.00
0,0.00
0,0.00
0,0.00
0,0.00
0,0.00
0,0.00
0,0.00
0,0.00
0,0.00
0,0.00
0,0.00
0,0.00
0,0.00
0,0.00
0,0.00
0,0.00
0,0.00
0,0.00
0,0.00
0,0.00
0,0.00
0,0.00
0,0.00
0,0.00
0,0.00
0,0.00
0,0.00
0,0.00
0,0.00
0,0.00
0,0.00
0,0.00
0,0.00
0,0.00
0,0.00
0,0.00
0,0.00
0,0.00
0,0.00
0,0.00
0,0.00
0,0.00
0,0.00
0,0.00
0,0.00
0,0.00
0,0.00
0,0.00
0,0.00
0,0.00
0,0.00
0,0.00
0,0.00
0,0.00
0,0.00
0,0.00
0,0.00
0,0.00
0,0.00
0,0.00
0,0.00
0,0.00
0,0.00
0,0.00
0,0.00
0,0.00
0,0.00
0,0.00
0,0.00
0,0.00
0,0.00
0,0.00
0,0.00
0,0.00
0,0.00
0,0.00
0,0.00
0,0.00
0,0.00
0,0.00
0,0.00
0,0.00
0,0.00
0,0.00
0,0.00
0,0.00
0,0.00
0,0.00
0,0.00
0,0.00
0,0.00
0,0.00
0,0.00
0,0.00
0,0.00
0,0.00
0,0.00
0,0.00
0,0.00
0,0.00
0,0.00
0,0.00
0,0.00
0,0.00
0,0.00
0,0.00
0,0.00
0,0.00
0,0.00
0,0.00
0,0.00
0,0.00
0,0.00
0,0.00
0,0.00
0,0.00
0,0.00
0,0.00
0,0.00
0,0.00
0,0.00
0,0.00
0,0.00
0,0.00
0,0.00
0,0.00
0,0.00
0,0.00
0,0.00
0,0.00
0,0.00
0,0.00
0,0.00
0,0.00
0,0.00
0,0.00
0,0.00
0,0.00
0,0.00
0,0.00
0,0.00
0,0.00
0,0.00
0,0.00
0,0.00
0,0.00
0,0.00
0,0.00
0,0.00
0,0.00
0,0.00
0,0.00
0,0.00
0,0.00
0,0.00
0,0.00
0,0.00
0,0.00
0,0.00
0,0.00
0,0.00
0,0.00
0,0.00
0,0.00
0,0.00
0,0.00
0,0.00
0,0.00
0,0.00
0,0.00
0,0.00
0,0.00
0,0.00
0,0.00
0,0.00
0,0.00
0,0.00
0,0.00
0,0.00
0,0.00
0,0.00
0,0.00
0,0.00
0,0.00
0,0.00
0,0.00
0,0.00
0,0.00
0,0.00
0,0.00
0,0.00
0,0.00
0,0.00
0,0.00
0,0.00
0,0.00
0,0.00
0,0.00
0,0.00
0,0.00
0,0.00
0,0.00
0,0.00
0,0.00
0,0.00
0,0.00
0,0.00
0,0.00
0,0.00
0,0.00
0,0.00
0,0.00
0,0.00
0,0.00
0,0.00
0,0.00
0,0.00
0,0.00
0,0.00
0,0.00
0,0.00
0,0.00
0,0.00
0,0.00
0,0.00
0,0.00
0,0.00
0,0.00
0,0.00
0,0.00
0,0.00
0,0.00
0,0.00
0,0.00
0,0.00
0,0.00
0,0.00
0,0.00
0,0.00
0,0.00
0,0.00
0,0.00
0,0.00
0,0.00
0,0.00
0,0.00
0,0.00
0,0.00
0,0.00
0,0.00
0,0.00
0,0.00
0,0.00
0,0.00
0,0.00
0,0.00
0,0.00
0,0.00
0,0.00
0,0.00
0,0.00
0,0.00
0,0.00
0,0.00
0,0.00
0,0.00
0,0.00
0,0.00
0,0.00
0,0.00
0,0.00
0,0.00
0,0.00
0,0.00
0,0.00
0,0.00
0,0.00
0,0.00
0,0.00
0,0.00
0,0.00
0,0.00
0,0.00
0,0.00
0,0.00
0,0.00
0,0.00
0,0.00
0,0.00
0,0.00
0,0.00
0,0.00
0,0.00
0,0.00
0,0.00
0,0.00
0,0.00
0,0.00
0,0.00
0,0.00
0,0.00
0,0.00
0,0.00
0,0.00
0,0.00
0,0.00
0,0.00
0,0.00
0,0.00
0,0.00
0,0.00
0,0.00
0,0.00
0,0.00
0,0.00
0,0.00
0,0.00
0,0.00
0,0.00
0,0.00
0,0.00
0,0.00
0,0.00
0,0.00
0,0.00
0,0.00
0,0.00
0,0.00
0,0.00
0,0.00
0,0.00
0,0.00
0,0.00
0,0.00
0,0.00
0,0.00
0,0.00
0,0.00
0,0.00
0,0.00
0,0.00
0,0.00
0,0.00
0,0.00
0,0.00
0,0.00
0,0.00
0,0.00
0,0.00
0,0.00
0,0.00
0,0.00
0,0.00
0,0.00
0,0.00
0,0.00
0,0.00
0,0.00
0,0.00
0,0.00
0,0.00
0,0.00
0,0.00
0,0.00
0,0.00
0,0.00
0,0.00
0,0.00
0,0.00
0,0.00
0,0.00
0,0.00
0,0.00
0,0.00
0,0.00
0,0.00
0,0.00
0,0.00
0,0.00
0,0.00
0,0.00
0,0.00
0,0.00
0,0.00
0,0.00
0,0.00
0,0.00
0,0.00
0,0.00
0,0.00
0,0.00
0,0.00
0,0.00
0,0.00
0,0.00
0,0.00
0,0.00
0,0.00
0,0.00
0,0.00
0,0.00
0,0.00
0,0.00
0,0.00
0,0.00
0,0.00
0,0.00
0,0.00
0,0.00
1,19.10
0,0.00
0,0.00
0,0.00
0,0.00
0,0.00
0,0.00
0,0.00
0,0.00
0,0.00
0,0.00
0,0.00
0,0.00
0,0.00
0,0.00
0,0.00
0,0.00
0,0.00
0,0.00
0,0.00
0,0.00
0,0.00
0,0.00
0,0.00
0,0.00
0,0.00
0,0.00
0,0.00
0,0.00
0,0.00
0,0.00
0,0.00
0,0.00
0,0.00
0,0.00
0,0.00
0,0.00
0,0.00
0,0.00
0,0.00
0,0.00
0,0.00
0,0.00
0,0.00
0,0.00
0,0.00
0,0.00
0,0.00
0,0.00
0,0.00
0,0.00
0,0.00
1,7.39
0,0.00
0,0.00
0,0.00
0,0.00
0,0.00
0,0.00
0,0.00
0,0.00
0,0.00
0,0.00
0,0.00
0,0.00
0,0.00
0,0.00
0,0.00
0,0.00
0,0.00
0,0.00
0,0.00
0,0.00
0,0.00
0,0.00
0,0.00
0,0.00
0,0.00
0,0.00
0,0.00
0,0.00
0,0.00
0,0.00
0,0.00
0,0.00
0,0.00
0,0.00
0,0.00
0,0.00
0,0.00
0,0.00
0,0.00
0,0.00
0,0.00
0,0.00
0,0.00
0,0.00
0,0.00
0,0.00
0,0.00
0,0.00
0,0.00
0,0.00
0,0.00
0,0.00
0,0.00
0,0.00
0,0.00
0,0.00
0,0.00
0,0.00
0,0.00
0,0.00
0,0.00
0,0.00
0,0.00
0,0.00
0,0.00
0,0.00
0,0.00
0,0.00
0,0.00
0,0.00
0,0.00
0,0.00
0,0.00
0,0.00
0,0.00
0,0.00
0,0.00
0,0.00
0,0.00
0,0.00
0,0.00
0,0.00
0,0.00
0,0.00
0,0.00
0,0.00
0,0.00
0,0.00
0,0.00
0,0.00
0,0.00
0,0.00
0,0.00
0,0.00
0,0.00
0,0.00
0,0.00
0,0.00
0,0.00
0,0.00
0,0.00
0,0.00
0,0.00
0,0.00
0,0.00
0,0.00
0,0.00
0,0.00
0,0.00
0,0.00
0,0.00
0,0.00
0,0.00
0,0.00
0,0.00
0,0.00
0,0.00
0,0.00
0,0.00
0,0.00
0,0.00
0,0.00
0,0.00
0,0.00
0,0.00
0,0.00
0,0.00
0,0.00
0,0.00
0,0.00
0,0.00
0,0.00
0,0.00
0,0.00
0,0.00
0,0.00
0,0.00
0,0.00
0,0.00
0,0.00
0,0.00
0,0.00
0,0.00
0,0.00
0,0.00
0,0.00
0,0.00
0,0.00
0,0.00
0,0.00
0,0.00
0,0.00
0,0.00
0,0.00
0,0.00
0,0.00
0,0.00
0,0.00
0,0.00
0,0.00
0,0.00
0,0.00
0,0.00
0,0.00
0,0.00
0,0.00
0,0.00
0,0.00
0,0.00
0,0.00
0,0.00
0,0.00
0,0.00
0,0.00
0,0.00
0,0.00
0,0.00
0,0.00
0,0.00
0,0.00
0,0.00
0,0.00
0,0.00
0,0.00
0,0.00
0,0.00
0,0.00
0,0.00
0,0.00
0,0.00
0,0.00
0,0.00
0,0.00
0,0.00
0,0.00
0,0.00
0,0.00
0,0.00
0,0.00
0,0.00
0,0.00
0,0.00
0,0.00
0,0.00
0,0.00
0,0.00
0,0.00
0,0.00
0,0.00
0,0.00
0,0.00
0,0.00
0,0.00
0,0.00
0,0.00
0,0.00
0,0.00
0,0.00
0,0.00
0,0.00
0,0.00
0,0.00
0,0.00
0,0.00
0,0.00
0,0.00
0,0.00
0,0.00
0,0.00
0,0.00
0,0.00
0,0.00
0,0.00
0,0.00
0,0.00
0,0.00
0,0.00
0,0.00
0,0.00
0,0.00
0,0.00
0,0.00
0,0.00
0,0.00
0,0.00
0,0.00
0,0.00
0,0.00
0,0.00
0,0.00
0,0.00
0,0.00
0,0.00
0,0.00
1,30.28
0,0.00
0,0.00
0,0.00
0,0.00
0,0.00
0,0.00
0,0.00
0,0.00
0,0.00
0,0.00
0,0.00
0,0.00
0,0.00
0,0.00
0,0.00
0,0.00
0,0.00
0,0.00
0,0.00
0,0.00
0,0.00
0,0.00
0,0.00
0,0.00
0,0.00
0,0.00
0,0.00
0,0.00
0,0.00
0,0.00
0,0.00
0,0.00
0,0.00
0,0.00
0,0.00
0,0.00
0,0.00
0,0.00
0,0.00
0,0.00
0,0.00
0,0.00
0,0.00
0,0.00
0,0.00
0,0.00
0,0.00
0,0.00
0,0.00
0,0.00
0,0.00
0,0.00
0,0.00
0,0.00
0,0.00
0,0.00
0,0.00
0,0.00
0,0.00
0,0.00
0,0.00
0,0.00
0,0.00
0,0.00
0,0.00
0,0.00
0,0.00
0,0.00
0,0.00
0,0.00
0,0.00
0,0.00
0,0.00
0,0.00
0,0.00
0,0.00
0,0.00
0,0.00
0,0.00
0,0.00
0,0.00
0,0.00
0,0.00
0,0.00
0,0.00
0,0.00
0,0.00
0,0.00
0,0.00
0,0.00
0,0.00
0,0.00
0,0.00
0,0.00
1,13.70
0,0.00
0,0.00
0,0.00
0,0.00
0,0.00
0,0.00
0,0.00
0,0.00
0,0.00
0,0.00
0,0.00
0,0.00
0,0.00
0,0.00
0,0.00
0,0.00
0,0.00
0,0.00
0,0.00
0,0.00
0,0.00
0,0.00
0,0.00
0,0.00
0,0.00
0,0.00
0,0.00
0,0.00
0,0.00
0,0.00
0,0.00
0,0.00
0,0.00
0,0.00
0,0.00
0,0.00
0,0.00
0,0.00
0,0.00
0,0.00
0,0.00
0,0.00
0,0.00
0,0.00
0,0.00
0,0.00
0,0.00
0,0.00
0,0.00
0,0.00
0,0.00
0,0.00
0,0.00
0,0.00
0,0.00
0,0.00
0,0.00
0,0.00
0,0.00
0,0.00
0,0.00
0,0.00
0,0.00
0,0.00
0,0.00
0,0.00
0,0.00
0,0.00
0,0.00
0,0.00
0,0.00
0,0.00
0,0.00
0,0.00
0,0.00
0,0.00
0,0.00
0,0.00
0,0.00
0,0.00
0,0.00
0,0.00
0,0.00
0,0.00
0,0.00
0,0.00
0,0.00
0,0.00
0,0.00
0,0.00
0,0.00
0,0.00
0,0.00
0,0.00
0,0.00
0,0.00
0,0.00
0,0.00
0,0.00
0,0.00
0,0.00
0,0.00
0,0.00
0,0.00
0,0.00
0,0.00
0,0.00
0,0.00
0,0.00
0,0.00
0,0.00
0,0.00
0,0.00
0,0.00
0,0.00
1,22.04
0,0.00
0,0.00
0,0.00
0,0.00
0,0.00
0,0.00
0,0.00
0,0.00
0,0.00
0,0.00
0,0.00
0,0.00
0,0.00
0,0.00
0,0.00
0,0.00
0,0.00
0,0.00
0,0.00
0,0.00
0,0.00
0,0.00
0,0.00
0,0.00
0,0.00
0,0.00
0,0.00
0,0.00
0,0.00
0,0.00
0,0.00
0,0.00
0,0.00
0,0.00
0,0.00
0,0.00
0,0.00
0,0.00
0,0.00
0,0.00
0,0.00
0,0.00
0,0.00
0,0.00
0,0.00
0,0.00
0,0.00
0,0.00
0,0.00
0,0.00
0,0.00
0,0.00
0,0.00
0,0.00
0,0.00
0,0.00
0,0.00
0,0.00
0,0.00
0,0.00
0,0.00
0,0.00
0,0.00
0,0.00
0,0.00
0,0.00
0,0.00
0,0.00
0,0.00
0,0.00
0,0.00
0,0.00
0,0.00
0,0.00
0,0.00
0,0.00
0,0.00
0,0.00
0,0.00
0,0.00
0,0.00
0,0.00
0,0.00
0,0.00
0,0.00
0,0.00
0,0.00
0,0.00
0,0.00
0,0.00
0,0.00
0,0.00
0,0.00
0,0.00
0,0.00
0,0.00
0,0.00
0,0.00
0,0.00
0,0.00
0,0.00
0,0.00
0,0.00
0,0.00
0,0.00
0,0.00
0,0.00
0,0.00
0,0.00
0,0.00
0,0.00
0,0.00
0,0.00
0,0.00
0,0.00
0,0.00
0,0.00
0,0.00
0,0.00
0,0.00
0,0.00
0,0.00
0,0.00
0,0.00
0,0.00
0,0.00
0,0.00
0,0.00
0,0.00
0,0.00
0,0.00
0,0.00
0,0.00
0,0.00
0,0.00
0,0.00
0,0.00
0,0.00
0,0.00
0,0.00
0,0.00
0,0.00
0,0.00
0,0.00
0,0.00
0,0.00
0,0.00
0,0.00
0,0.00
0,0.00
0,0.00
0,0.00
0,0.00
0,0.00
0,0.00
0,0.00
0,0.00
0,0.00
0,0.00
0,0.00
0,0.00
0,0.00
0,0.00
0,0.00
0,0.00
0,0.00
0,0.00
0,0.00
0,0.00
0,0.00
0,0.00
0,0.00
0,0.00
0,0.00
0,0.00
0,0.00
0,0.00
0,0.00
0,0.00
0,0.00
0,0.00
0,0.00
0,0.00
0,0.00
0,0.00
0,0.00
0,0.00
0,0.00
0,0.00
0,0.00
0,0.00
0,0.00
0,0.00
0,0.00
0,0.00
0,0.00
0,0.00
0,0.00
0,0.00
0,0.00
0,0.00
0,0.00
0,0.00
0,0.00
0,0.00
0,0.00
0,0.00
0,0.00
0,0.00
0,0.00
0,0.00
0,0.00
0,0.00
0,0.00
0,0.00
0,0.00
0,0.00
0,0.00
0,0.00
0,0.00
0,0.00
0,0.00
0,0.00
0,0.00
0,0.00
0,0.00
0,0.00
0,0.00
0,0.00
0,0.00
0,0.00
0,0.00
0,0.00
0,0.00
0,0.00
0,0.00
0,0.00
0,0.00
0,0.00
0,0.00
0,0.00
0,0.00
0,0.00
0,0.00
0,0.00
0,0.00
0,0.00
0,0.00
0,0.00
0,0.00
0,0.00
0,0.00
0,0.00
0,0.00
0,0.00
0,0.00
0,0.00
0,0.00
0,0.00
0,0.00
0,0.00
0,0.00
0,0.00
0,0.00
0,0.00
0,0.00
0,0.00
0,0.00
0,0.00
0,0.00
0,0.00
0,0.00
0,0.00
0,0.00
0,0.00
0,0.00
0,0.00
0,0.00
0,0.00
0,0.00
0,0.00
0,0.00
0,0.00
0,0.00
0,0.00
0,0.00
0,0.00
0,0.00
0,0.00
0,0.00
0,0.00
0,0.00
0,0.00
0,0.00
0,0.00
0,0.00
0,0.00
0,0.00
0,0.00
0,0.00
0,0.00
0,0.00
0,0.00
0,0.00
0,0.00
0,0.00
0,0.00
0,0.00
0,0.00
0,0.00
0,0.00
0,0.00
0,0.00
0,0.00
0,0.00
0,0.00
0,0.00
0,0.00
0,0.00
0,0.00
0,0.00
0,0.00
0,0.00
0,0.00
0,0.00
0,0.00
0,0.00
0,0.00
0,0.00
0,0.00
0,0.00
0,0.00
0,0.00
0,0.00
0,0.00
0,0.00
0,0.00
0,0.00
0,0.00
0,0.00
0,0.00
1,35.95
0,0.00
0,0.00
0,0.00
0,0.00
0,0.00
0,0.00
0,0.00
0,0.00
0,0.00
0,0.00
0,0.00
0,0.00
0,0.00
0,0.00
0,0.00
0,0.00
0,0.00
0,0.00
0,0.00
0,0.00
0,0.00
0,0.00
0,0.00
0,0.00
0,0.00
0,0.00
0,0.00
0,0.00
0,0.00
0,0.00
0,0.00
0,0.00
0,0.00
0,0.00
0,0.00
0,0.00
0,0.00
0,0.00
0,0.00
0,0.00
0,0.00
0,0.00
0,0.00
0,0.00
0,0.00
0,0.00
0,0.00
0,0.00
0,0.00
0,0.00
0,0.00
0,0.00
0,0.00
0,0.00
0,0.00
0,0.00
0,0.00
0,0.00
0,0.00
0,0.00
0,0.00
0,0.00
0,0.00
0,0.00
0,0.00
0,0.00
0,0.00
0,0.00
0,0.00
0,0.00
0,0.00
0,0.00
0,0.00
0,0.00
0,0.00
0,0.00
0,0.00
0,0.00
0,0.00
0,0.00
0,0.00
0,0.00
0,0.00
0,0.00
0,0.00
0,0.00
0,0.00
0,0.00
0,0.00
0,0.00
0,0.00
0,0.00
0,0.00
0,0.00
0,0.00
0,0.00
0,0.00
0,0.00
0,0.00
0,0.00
0,0.00
0,0.00
0,0.00
0,0.00
0,0.00
0,0.00
0,0.00
0,0.00
0,0.00
0,0.00
0,0.00
0,0.00
0,0.00
0,0.00
0,0.00
0,0.00
0,0.00
0,0.00
0,0.00
0,0.00
0,0.00
0,0.00
0,0.00
0,0.00
0,0.00
0,0.00
0,0.00
0,0.00
0,0.00
0,0.00
0,0.00
0,0.00
0,0.00
0,0.00
0,0.00
0,0.00
0,0.00
0,0.00
0,0.00
0,0.00
0,0.00
0,0.00
0,0.00
0,0.00
0,0.00
0,0.00
0,0.00
0,0.00
0,0.00
0,0.00
0,0.00
0,0.00
0,0.00
0,0.00
0,0.00
0,0.00
0,0.00
0,0.00
0,0.00
0,0.00
0,0.00
0,0.00
0,0.00
0,0.00
0,0.00
0,0.00
0,0.00
0,0.00
0,0.00
0,0.00
0,0.00
0,0.00
0,0.00
0,0.00
0,0.00
0,0.00
0,0.00
0,0.00
0,0.00
0,0.00
0,0.00
0,0.00
0,0.00
0,0.00
0,0.00
0,0.00
0,0.00
0,0.00
0,0.00
0,0.00
0,0.00
0,0.00
0,0.00
0,0.00
0,0.00
0,0.00
0,0.00
0,0.00
0,0.00
0,0.00
0,0.00
0,0.00
0,0.00
0,0.00
0,0.00
0,0.00
0,0.00
0,0.00
0,0.00
0,0.00
0,0.00
0,0.00
0,0.00
0,0.00
0,0.00
0,0.00
0,0.00
0,0.00
0,0.00
0,0.00
0,0.00
0,0.00
0,0.00
0,0.00
0,0.00
0,0.00
0,0.00
0,0.00
0,0.00
0,0.00
0,0.00
0,0.00
0,0.00
0,0.00
0,0.00
0,0.00
0,0.00
0,0.00
0,0.00
0,0.00
0,0.00
0,0.00
0,0.00
0,0.00
0,0.00
0,0.00
0,0.00
0,0.00
0,0.00
0,0.00
0,0.00
0,0.00
0,0.00
0,0.00
0,0.00
0,0.00
0,0.00
0,0.00
0,0.00
0,0.00
0,0.00
0,0.00
0,0.00
0,0.00
0,0.00
0,0.00
0,0.00
0,0.00
0,0.00
0,0.00
0,0.00
0,0.00
0,0.00
0,0.00
0,0.00
0,0.00
0,0.00
0,0.00
0,0.00
0,0.00
0,0.00
0,0.00
0,0.00
0,0.00
0,0.00
0,0.00
0,0.00
0,0.00
0,0.00
0,0.00
0,0.00
0,0.00
0,0.00
0,0.00
0,0.00
0,0.00
0,0.00
0,0.00
0,0.00
0,0.00
0,0.00
0,0.00
0,0.00
0,0.00
0,0.00
0,0.00
0,0.00
0,0.00
0,0.00
0,0.00
0,0.00
0,0.00
0,0.00
0,0.00
0,0.00
0,0.00
0,0.00
0,0.00
0,0.00
0,0.00
0,0.00
0,0.00
0,0.00
0,0.00
0,0.00
0,0.00
0,0.00
0,0.00
0,0.00
0,0.00
0,0.00
0,0.00
0,0.00
0,0.00
0,0.00
0,0.00
0,0.00
0,0.00
0,0.00
0,0.00
0,0.00
0,0.00
0,0.00
0,0.00
0,0.00
0,0.00
0,0.00
0,0.00
0,0.00
0,0.00
0,0.00
0,0.00
0,0.00
0,0.00
0,0.00
0,0.00
0,0.00
0,0.00
0,0.00
0,0.00
0,0.00
0,0.00
0,0.00
0,0.00
0,0.00
0,0.00
0,0.00
0,0.00
0,0.00
0,0.00
0,0.00
0,0.00
0,0.00
0,0.00
0,0.00
0,0.00
0,0.00
0,0.00
0,0.00
0,0.00
0,0.00
0,0.00
0,0.00
0,0.00
0,0.00
0,0.00
0,0.00
0,0.00
0,0.00
0,0.00
0,0.00
0,0.00
0,0.00
0,0.00
0,0.00
0,0.00
0,0.00
0,0.00
0,0.00
0,0.00
0,0.00
0,0.00
0,0.00
0,0.00
0,0.00
0,0.00
0,0.00
0,0.00
0,0.00
0,0.00
0,0.00
0,0.00
0,0.00
0,0.00
0,0.00
0,0.00
0,0.00
0,0.00
0,0.00
0,0.00
0,0.00
0,0.00
0,0.00
0,0.00
0,0.00
0,0.00
0,0.00
0,0.00
0,0.00
0,0.00
0,0.00
0,0.00
0,0.00
0,0.00
0,0.00
0,0.00
0,0.00
0,0.00
0,0.00
0,0.00
0,0.00
0,0.00
0,0.00
0,0.00
0,0.00
0,0.00
0,0.00
0,0.00
0,0.00
0,0.00
0,0.00
0,0.00
0,0.00
0,0.00
0,0.00
0,0.00
0,0.00
0,0.00
0,0.00
0,0.00
0,0.00
0,0.00
0,0.00
0,0.00
0,0.00
0,0.00
0,0.00
0,0.00
0,0.00
0,0.00
0,0.00
0,0.00
0,0.00
0,0.00
0,0.00
0,0.00
0,0.00
0,0.00
0,0.00
0,0.00
0,0.00
0,0.00
0,0.00
0,0.00
0,0.00
0,0.00
0,0.00
0,0.00
0,0.00
0,0.00
0,0.00
0,0.00
0,0.00
0,0.00
0,0.00
0,0.00
0,0.00
0,0.00
0,0.00
0,0.00
0,0.00
0,0.00
0,0.00
0,0.00
0,0.00
0,0.00
0,0.00
0,0.00
0,0.00
0,0.00
0,0.00
0,0.00
0,0.00
0,0.00
0,0.00
0,0.00
0,0.00
0,0.00
0,0.00
0,0.00
0,0.00
0,0.00
0,0.00
0,0.00
0,0.00
0,0.00
0,0.00
0,0.00
0,0.00
0,0.00
0,0.00
0,0.00
0,0.00
0,0.00
0,0.00
0,0.00
0,0.00
0,0.00
0,0.00
0,0.00
0,0.00
0,0.00
0,0.00
0,0.00
0,0.00
0,0.00
0,0.00
0,0.00
0,0.00
0,0.00
0,0.00
0,0.00
0,0.00
0,0.00
0,0.00
0,0.00
0,0.00
0,0.00
0,0.00
0,0.00
0,0.00
0,0.00
0,0.00
0,0.00
0,0.00
0,0.00
0,0.00
0,0.00
0,0.00
0,0.00
0,0.00
0,0.00
0,0.00
0,0.00
0,0.00
0,0.00
0,0.00
0,0.00
0,0.00
0,0.00
0,0.00
0,0.00
0,0.00
0,0.00
0,0.00
0,0.00
0,0.00
0,0.00
0,0.00
0,0.00
0,0.00
0,0.00
0,0.00
0,0.00
0,0.00
0,0.00
0,0.00
0,0.00
0,0.00
0,0.00
0,0.00
0,0.00
0,0.00
0,0.00
0,0.00
0,0.00
0,0.00
0,0.00
0,0.00
0,0.00
0,0.00
0,0.00
0,0.00
0,0.00
0,0.00
0,0.00
0,0.00
0,0.00
0,0.00
0,0.00
0,0.00
0,0.00
0,0.00
0,0.00
0,0.00
0,0.00
0,0.00
0,0.00
0,0.00
0,0.00
0,0.00
0,0.00
0,0.00
0,0.00
0,0.00
0,0.00
0,0.00
0,0.00
0,0.00
0,0.00
0,0.00
0,0.00
0,0.00
0,0.00
0,0.00
0,0.00
0,0.00
0,0.00
0,0.00
0,0.00
0,0.00
0,0.00
0,0.00
0,0.00
0,0.00
0,0.00
0,0.00
0,0.00
0,0.00
0,0.00
0,0.00
0,0.00
0,0.00
0,0.00
0,0.00
0,0.00
0,0.00
0,0.00
0,0.00
0,0.00
0,0.00
0,0.00
0,0.00
0,0.00
0,0.00
0,0.00
0,0.00
0,0.00
0,0.00
0,0.00
0,0.00
0,0.00
0,0.00
0,0.00
0,0.00
0,0.00
0,0.00
0,0.00
0,0.00
0,0.00
0,0.00
0,0.00
0,0.00
0,0.00
0,0.00
0,0.00
0,0.00
0,0.00
0,0.00
0,0.00
0,0.00
0,0.00
0,0.00
0,0.00
0,0.00
0,0.00
0,0.00
0,0.00
0,0.00
0,0.00
0,0.00
0,0.00
0,0.00
0,0.00
0,0.00
0,0.00
0,0.00
0,0.00
0,0.00
0,0.00
0,0.00
0,0.00
0,0.00
0,0.00
0,0.00
0,0.00
0,0.00
0,0.00
0,0.00
0,0.00
0,0.00
0,0.00
0,0.00
0,0.00
0,0.00
0,0.00
0,0.00
0,0.00
0,0.00
0,0.00
0,0.00
0,0.00
0,0.00
0,0.00
0,0.00
0,0.00
0,0.00
0,0.00
0,0.00
0,0.00
0,0.00
0,0.00
0,0.00
0,0.00
0,0.00
0,0.00
0,0.00
0,0.00
0,0.00
0,0.00
0,0.00
0,0.00
0,0.00
0,0.00
0,0.00
0,0.00
0,0.00
0,0.00
0,0.00
0,0.00
0,0.00
0,0.00
0,0.00
0,0.00
0,0.00
0,0.00
0,0.00
0,0.00
0,0.00
0,0.00
0,0.00
0,0.00
0,0.00
0,0.00
0,0.00
0,0.00
0,0.00
0,0.00
0,0.00
0,0.00
0,0.00
0,0.00
0,0.00
0,0.00
0,0.00
0,0.00
0,0.00
0,0.00
0,0.00
0,0.00
0,0.00
0,0.00
0,0.00
0,0.00
0,0.00
0,0.00
0,0.00
0,0.00
0,0.00
0,0.00
0,0.00
0,0.00
0,0.00
0,0.00
0,0.00
0,0.00
0,0.00
0,0.00
0,0.00
0,0.00
0,0.00
0,0.00
0,0.00
0,0.00
0,0.00
0,0.00
0,0.00
0,0.00
0,0.00
0,0.00
0,0.00
0,0.00
0,0.00
0,0.00
0,0.00
0,0.00
0,0.00
0,0.00
0,0.00
0,0.00
0,0.00
0,0.00
0,0.00
0,0.00
0,0.00
0,0.00
0,0.00
0,0.00
0,0.00
0,0.00
0,0.00
0,0.00
0,0.00
0,0.00
0,0.00
0,0.00
0,0.00
0,0.00
0,0.00
0,0.00
0,0.00
0,0.00
0,0.00
0,0.00
0,0.00
0,0.00
0,0.00
0,0.00
0,0.00
0,0.00
0,0.00
0,0.00
0,0.00
0,0.00
0,0.00
0,0.00
0,0.00
0,0.00
0,0.00
0,0.00
0,0.00
0,0.00
0,0.00
0,0.00
0,0.00
0,0.00
0,0.00
0,0.00
0,0.00
0,0.00
0,0.00
0,0.00
0,0.00
0,0.00
0,0.00
0,0.00
0,0.00
0,0.00
0,0.00
0,0.00
0,0.00
0,0.00
0,0.00
0,0.00
0,0.00
0,0.00
0,0.00
0,0.00
0,0.00
0,0.00
0,0.00
0,0.00
0,0.00
0,0.00
0,0.00
0,0.00
0,0.00
0,0.00
0,0.00
0,0.00
0,0.00
0,0.00
0,0.00
0,0.00
0,0.00
0,0.00
0,0.00
0,0.00
0,0.00
0,0.00
0,0.00
0,0.00
0,0.00
0,0.00
0,0.00
0,0.00
0,0.00
0,0.00
0,0.00
0,0.00
0,0.00
0,0.00
0,0.00
0,0.00
0,0.00
0,0.00
0,0.00
0,0.00
0,0.00
0,0.00
0,0.00
0,0.00
0,0.00
0,0.00
0,0.00
0,0.00
0,0.00
0,0.00
0,0.00
0,0.00
0,0.00
0,0.00
0,0.00
0,0.00
0,0.00
0,0.00
0,0.00
0,0.00
0,0.00
0,0.00
0,0.00
0,0.00
0,0.00
0,0.00
0,0.00
0,0.00
0,0.00
0,0.00
0,0.00
0,0.00
0,0.00
0,0.00
0,0.00
0,0.00
0,0.00
0,0.00
0,0.00
0,0.00
0,0.00
0,0.00
0,0.00
0,0.00
0,0.00
0,0.00
0,0.00
0,0.00
0,0.00
0,0.00
0,0.00
0,0.00
0,0.00
0,0.00
0,0.00
0,0.00
0,0.00
0,0.00
0,0.00
0,0.00
0,0.00
0,0.00
0,0.00
0,0.00
0,0.00
0,0.00
0,0.00
0,0.00
0,0.00
0,0.00
0,0.00
0,0.00
0,0.00
0,0.00
0,0.00
0,0.00
0,0.00
0,0.00
0,0.00
0,0.00
0,0.00
0,0.00
0,0.00
0,0.00
0,0.00
0,0.00
0,0.00
0,0.00
0,0.00
0,0.00
0,0.00
0,0.00
0,0.00
0,0.00
0,0.00
0,0.00
0,0.00
0,0.00
0,0.00
0,0.00
0,0.00
0,0.00
0,0.00
0,0.00
0,0.00
0,0.00
0,0.00
0,0.00
0,0.00
0,0.00
0,0.00
0,0.00
0,0.00
0,0.00
0,0.00
0,0.00
0,0.00
0,0.00
0,0.00
0,0.00
0,0.00
0,0.00
0,0.00
0,0.00
0,0.00
0,0.00
0,0.00
0,0.00
0,0.00
0,0.00
0,0.00
0,0.00
0,0.00
0,0.00
0,0.00
0,0.00
0,0.00
0,0.00
0,0.00
0,0.00
0,0.00
0,0.00
0,0.00
0,0.00
0,0.00
0,0.00
0,0.00
0,0.00
0,0.00
0,0.00
0,0.00
0,0.00
0,0.00
0,0.00
0,0.00
0,0.00
0,0.00
0,0.00
0,0.00
0,0.00
0,0.00
0,0.00
0,0.00
0,0.00
0,0.00
0,0.00
0,0.00
0,0.00
0,0.00
0,0.00
0,0.00
0,0.00
0,0.00
0,0.00
0,0.00
0,0.00
0,0.00
0,0.00
0,0.00
0,0.00
0,0.00
0,0.00
0,0.00
0,0.00
0,0.00
0,0.00
0,0.00
0,0.00
0,0.00
0,0.00
0,0.00
0,0.00
0,0.00
0,0.00
0,0.00
0,0.00
0,0.00
0,0.00
0,0.00
0,0.00
0,0.00
0,0.00
0,0.00
0,0.00
0,0.00
0,0.00
0,0.00
0,0.00
0,0.00
0,0.00
0,0.00
0,0.00
0,0.00
0,0.00
0,0.00
0,0.00
0,0.00
0,0.00
0,0.00
0,0.00
0,0.00
0,0.00
0,0.00
0,0.00
0,0.00
0,0.00
0,0.00
0,0.00
0,0.00
0,0.00
0,0.00
0,0.00
0,0.00
0,0.00
0,0.00
0,0.00
0,0.00
0,0.00
0,0.00
0,0.00
0,0.00
0,0.00
0,0.00
0,0.00
0,0.00
0,0.00
0,0.00
0,0.00
0,0.00
0,0.00
0,0.00
0,0.00
0,0.00
0,0.00
0,0.00
0,0.00
0,0.00
0,0.00
0,0.00
0,0.00
0,0.00
0,0.00
0,0.00
0,0.00
0,0.00
0,0.00
0,0.00
0,0.00
0,0.00
0,0.00
0,0.00
0,0.00
0,0.00
0,0.00
0,0.00
0,0.00
0,0.00
0,0.00
0,0.00
0,0.00
0,0.00
0,0.00
0,0.00
0,0.00
0,0.00
0,0.00
0,0.00
1,38.34
0,0.00
0,0.00
0,0.00
0,0.00
0,0.00
0,0.00
0,0.00
0,0.00
0,0.00
0,0.00
0,0.00
0,0.00
0,0.00
0,0.00
0,0.00
0,0.00
0,0.00
0,0.00
0,0.00
0,0.00
0,0.00
0,0.00
0,0.00
0,0.00
0,0.00
0,0.00
0,0.00
0,0.00
0,0.00
0,0.00
0,0.00
0,0.00
0,0.00
0,0.00
0,0.00
0,0.00
0,0.00
0,0.00
1,10.95
0,0.00
0,0.00
0,0.00
0,0.00
0,0.00
0,0.00
0,0.00
0,0.00
0,0.00
0,0.00
0,0.00
0,0.00
0,0.00
0,0.00
0,0.00
0,0.00
0,0.00
0,0.00
0,0.00
0,0.00
0,0.00
0,0.00
0,0.00
0,0.00
0,0.00
0,0.00
0,0.00
0,0.00
0,0.00
0,0.00
0,0.00
0,0.00
0,0.00
0,0.00
0,0.00
0,0.00
0,0.00
0,0.00
0,0.00
0,0.00
0,0.00
0,0.00
0,0.00
0,0.00
0,0.00
0,0.00
0,0.00
0,0.00
0,0.00
0,0.00
0,0.00
0,0.00
0,0.00
0,0.00
0,0.00
0,0.00
0,0.00
0,0.00
0,0.00
0,0.00
0,0.00
0,0.00
0,0.00
0,0.00
0,0.00
0,0.00
0,0.00
0,0.00
0,0.00
0,0.00
0,0.00
0,0.00
0,0.00
0,0.00
0,0.00
0,0.00
0,0.00
0,0.00
0,0.00
0,0.00
0,0.00
0,0.00
0,0.00
0,0.00
0,0.00
0,0.00
0,0.00
0,0.00
0,0.00
0,0.00
0,0.00
0,0.00
0,0.00
0,0.00
0,0.00
0,0.00
0,0.00
0,0.00
0,0.00
0,0.00
0,0.00
0,0.00
0,0.00
0,0.00
0,0.00
0,0.00
0,0.00
0,0.00
0,0.00
0,0.00
0,0.00
0,0.00
0,0.00
0,0.00
0,0.00
0,0.00
0,0.00
0,0.00
0,0.00
0,0.00
0,0.00
0,0.00
0,0.00
0,0.00
0,0.00
0,0.00
0,0.00
0,0.00
0,0.00
0,0.00
0,0.00
0,0.00
0,0.00
0,0.00
0,0.00
0,0.00
0,0.00
0,0.00
0,0.00
0,0.00
0,0.00
0,0.00
0,0.00
0,0.00
0,0.00
0,0.00
0,0.00
0,0.00
0,0.00
0,0.00
0,0.00
0,0.00
0,0.00
0,0.00
0,0.00
0,0.00
0,0.00
0,0.00
0,0.00
0,0.00
0,0.00
0,0.00
0,0.00
0,0.00
0,0.00
0,0.00
0,0.00
0,0.00
0,0.00
0,0.00
0,0.00
0,0.00
0,0.00
0,0.00
0,0.00
0,0.00
0,0.00
0,0.00
0,0.00
0,0.00
0,0.00
0,0.00
0,0.00
0,0.00
0,0.00
0,0.00
0,0.00
0,0.00
0,0.00
0,0.00
0,0.00
0,0.00
0,0.00
0,0.00
0,0.00
0,0.00
0,0.00
0,0.00
0,0.00
0,0.00
0,0.00
0,0.00
0,0.00
0,0.00
0,0.00
0,0.00
0,0.00
0,0.00
0,0.00
0,0.00
0,0.00
0,0.00
0,0.00
0,0.00
0,0.00
0,0.00
0,0.00
0,0.00
0,0.00
0,0.00
0,0.00
0,0.00
0,0.00
0,0.00
0,0.00
0,0.00
0,0.00
0,0.00
0,0.00
0,0.00
0,0.00
0,0.00
0,0.00
0,0.00
0,0.00
0,0.00
0,0.00
0,0.00
0,0.00
0,0.00
0,0.00
0,0.00
0,0.00
0,0.00
0,0.00
0,0.00
0,0.00
0,0.00
0,0.00
0,0.00
0,0.00
0,0.00
0,0.00
0,0.00
0,0.00
0,0.00
0,0.00
0,0.00
0,0.00
0,0.00
0,0.00
0,0.00
0,0.00
0,0.00
0,0.00
0,0.00
0,0.00
0,0.00
0,0.00
0,0.00
0,0.00
0,0.00
0,0.00
0,0.00
0,0.00
0,0.00
0,0.00
0,0.00
0,0.00
0,0.00
0,0.00
0,0.00
0,0.00
0,0.00
0,0.00
0,0.00
0,0.00
0,0.00
0,0.00
0,0.00
0,0.00
0,0.00
0,0.00
0,0.00
0,0.00
0,0.00
0,0.00
0,0.00
0,0.00
0,0.00
0,0.00
0,0.00
0,0.00
0,0.00
0,0.00
0,0.00
0,0.00
0,0.00
0,0.00
0,0.00
0,0.00
0,0.00
0,0.00
0,0.00
0,0.00
0,0.00
0,0.00
0,0.00
0,0.00
0,0.00
0,0.00
0,0.00
0,0.00
0,0.00
0,0.00
0,0.00
0,0.00
0,0.00
0,0.00
0,0.00
0,0.00
0,0.00
0,0.00
0,0.00
0,0.00
0,0.00
0,0.00
0,0.00
0,0.00
0,0.00
0,0.00
0,0.00
0,0.00
0,0.00
0,0.00
0,0.00
0,0.00
0,0.00
0,0.00
0,0.00
0,0.00
0,0.00
0,0.00
0,0.00
0,0.00
0,0.00
0,0.00
0,0.00
0,0.00
0,0.00
0,0.00
0,0.00
0,0.00
0,0.00
0,0.00
0,0.00
0,0.00
0,0.00
0,0.00
0,0.00
0,0.00
0,0.00
0,0.00
0,0.00
0,0.00
0,0.00
0,0.00
0,0.00
0,0.00
0,0.00
0,0.00
0,0.00
0,0.00
0,0.00
0,0.00
0,0.00
0,0.00
0,0.00
0,0.00
0,0.00
0,0.00
0,0.00
0,0.00
0,0.00
0,0.00
0,0.00
0,0.00
0,0.00
1,24.33
0,0.00
0,0.00
0,0.00
0,0.00
0,0.00
0,0.00
0,0.00
0,0.00
0,0.00
0,0.00
0,0.00
0,0.00
0,0.00
0,0.00
0,0.00
0,0.00
0,0.00
0,0.00
0,0.00
0,0.00
0,0.00
0,0.00
0,0.00
0,0.00
0,0.00
0,0.00
0,0.00
0,0.00
0,0.00
0,0.00
0,0.00
0,0.00
0,0.00
0,0.00
0,0.00
0,0.00
0,0.00
0,0.00
0,0.00
0,0.00
0,0.00
0,0.00
0,0.00
0,0.00
0,0.00
0,0.00
0,0.00
0,0.00
0,0.00
0,0.00
0,0.00
0,0.00
0,0.00
0,0.00
0,0.00
0,0.00
0,0.00
0,0.00
0,0.00
0,0.00
0,0.00
0,0.00
0,0.00
0,0.00
0,0.00
0,0.00
0,0.00
0,0.00
0,0.00
0,0.00
0,0.00
0,0.00
0,0.00
0,0.00
0,0.00
0,0.00
0,0.00
0,0.00
0,0.00
0,0.00
0,0.00
0,0.00
0,0.00
0,0.00
0,0.00
0,0.00
0,0.00
0,0.00
0,0.00
0,0.00
0,0.00
0,0.00
0,0.00
0,0.00
0,0.00
0,0.00
0,0.00
0,0.00
0,0.00
0,0.00
0,0.00
0,0.00
0,0.00
0,0.00
0,0.00
0,0.00
0,0.00
0,0.00
0,0.00
0,0.00
0,0.00
0,0.00
0,0.00
0,0.00
0,0.00
0,0.00
1,52.23
0,0.00
0,0.00
0,0.00
0,0.00
0,0.00
0,0.00
0,0.00
0,0.00
0,0.00
0,0.00
0,0.00
0,0.00
0,0.00
0,0.00
0,0.00
0,0.00
0,0.00
0,0.00
0,0.00
0,0.00
0,0.00
0,0.00
0,0.00
0,0.00
0,0.00
0,0.00
0,0.00
0,0.00
0,0.00
0,0.00
0,0.00
0,0.00
0,0.00
0,0.00
0,0.00
0,0.00
0,0.00
0,0.00
0,0.00
0,0.00
0,0.00
0,0.00
0,0.00
0,0.00
0,0.00
0,0.00
0,0.00
0,0.00
0,0.00
0,0.00
0,0.00
0,0.00
0,0.00
0,0.00
0,0.00
0,0.00
0,0.00
0,0.00
0,0.00
0,0.00
0,0.00
0,0.00
0,0.00
0,0.00
0,0.00
0,0.00
0,0.00
0,0.00
0,0.00
0,0.00
0,0.00
0,0.00
0,0.00
0,0.00
0,0.00
0,0.00
0,0.00
0,0.00
0,0.00
0,0.00
0,0.00
0,0.00
0,0.00
0,0.00
0,0.00
0,0.00
0,0.00
0,0.00
0,0.00
0,0.00
0,0.00
0,0.00
0,0.00
0,0.00
0,0.00
0,0.00
0,0.00
0,0.00
0,0.00
0,0.00
0,0.00
0,0.00
0,0.00
0,0.00
0,0.00
0,0.00
0,0.00
0,0.00
0,0.00
0,0.00
0,0.00
0,0.00
0,0.00
0,0.00
0,0.00
0,0.00
0,0.00
0,0.00
0,0.00
0,0.00
0,0.00
0,0.00
0,0.00
0,0.00
0,0.00
0,0.00
0,0.00
0,0.00
0,0.00
0,0.00
0,0.00
0,0.00
0,0.00
0,0.00
0,0.00
0,0.00
0,0.00
0,0.00
0,0.00
0,0.00
0,0.00
1,20.40
0,0.00
0,0.00
0,0.00
0,0.00
0,0.00
1,28.20
0,0.00
0,0.00
0,0.00
0,0.00
0,0.00
0,0.00
0,0.00
0,0.00
0,0.00
0,0.00
0,0.00
0,0.00
0,0.00
0,0.00
0,0.00
0,0.00
0,0.00
0,0.00
0,0.00
0,0.00
0,0.00
0,0.00
0,0.00
0,0.00
0,0.00
0,0.00
0,0.00
0,0.00
0,0.00
0,0.00
0,0.00
0,0.00
0,0.00
0,0.00
0,0.00
0,0.00
0,0.00
0,0.00
0,0.00
0,0.00
0,0.00
0,0.00
0,0.00
0,0.00
0,0.00
0,0.00
0,0.00
0,0.00
0,0.00
0,0.00
0,0.00
0,0.00
0,0.00
0,0.00
0,0.00
0,0.00
0,0.00
0,0.00
0,0.00
0,0.00
0,0.00
0,0.00
0,0.00
0,0.00
0,0.00
0,0.00
0,0.00
0,0.00
0,0.00
0,0.00
0,0.00
0,0.00
0,0.00
0,0.00
0,0.00
0,0.00
0,0.00
0,0.00
0,0.00
0,0.00
0,0.00
0,0.00
0,0.00
0,0.00
0,0.00
0,0.00
0,0.00
0,0.00
0,0.00
0,0.00
0,0.00
0,0.00
0,0.00
0,0.00
0,0.00
0,0.00
0,0.00
0,0.00
0,0.00
0,0.00
0,0.00
0,0.00
0,0.00
0,0.00
0,0.00
0,0.00
0,0.00
0,0.00
0,0.00
0,0.00
0,0.00
0,0.00
0,0.00
0,0.00
0,0.00
0,0.00
0,0.00
0,0.00
0,0.00
0,0.00
0,0.00
0,0.00
0,0.00
0,0.00
0,0.00
0,0.00
0,0.00
0,0.00
0,0.00
0,0.00
0,0.00
0,0.00
0,0.00
0,0.00
0,0.00
0,0.00
0,0.00
0,0.00
0,0.00
0,0.00
0,0.00
0,0.00
0,0.00
0,0.00
0,0.00
0,0.00
0,0.00
0,0.00
0,0.00
0,0.00
0,0.00
0,0.00
0,0.00
0,0.00
0,0.00
0,0.00
0,0.00
0,0.00
0,0.00
0,0.00
0,0.00
0,0.00
0,0.00
0,0.00
0,0.00
0,0.00
0,0.00
0,0.00
0,0.00
0,0.00
0,0.00
0,0.00
0,0.00
0,0.00
0,0.00
0,0.00
0,0.00
0,0.00
0,0.00
0,0.00
0,0.00
0,0.00
0,0.00
0,0.00
0,0.00
0,0.00
0,0.00
0,0.00
0,0.00
0,0.00
0,0.00
0,0.00
0,0.00
0,0.00
0,0.00
0,0.00
0,0.00
0,0.00
0,0.00
0,0.00
0,0.00
0,0.00
0,0.00
0,0.00
0,0.00
0,0.00
0,0.00
0,0.00
0,0.00
0,0.00
0,0.00
0,0.00
0,0.00
0,0.00
0,0.00
0,0.00
0,0.00
0,0.00
0,0.00
0,0.00
0,0.00
0,0.00
0,0.00
0,0.00
0,0.00
0,0.00
0,0.00
0,0.00
0,0.00
0,0.00
0,0.00
0,0.00
0,0.00
0,0.00
0,0.00
0,0.00
0,0.00
0,0.00
0,0.00
0,0.00
0,0.00
0,0.00
0,0.00
0,0.00
0,0.00
0,0.00
0,0.00
0,0.00
0,0.00
0,0.00
0,0.00
0,0.00
0,0.00
0,0.00
0,0.00
0,0.00
0,0.00
0,0.00
0,0.00
0,0.00
0,0.00
0,0.00
0,0.00
0,0.00
0,0.00
0,0.00
0,0.00
0,0.00
0,0.00
0,0.00
0,0.00
0,0.00
0,0.00
0,0.00
0,0.00
0,0.00
0,0.00
0,0.00
0,0.00
0,0.00
0,0.00
0,0.00
0,0.00
0,0.00
0,0.00
0,0.00
0,0.00
0,0.00
0,0.00
0,0.00
0,0.00
0,0.00
0,0.00
0,0.00
0,0.00
0,0.00
0,0.00
0,0.00
0,0.00
0,0.00
0,0.00
0,0.00
0,0.00
0,0.00
0,0.00
0,0.00
0,0.00
0,0.00
0,0.00
0,0.00
0,0.00
0,0.00
0,0.00
0,0.00
0,0.00
0,0.00
0,0.00
0,0.00
0,0.00
0,0.00
0,0.00
0,0.00
0,0.00
0,0.00
0,0.00
0,0.00
0,0.00
0,0.00
0,0.00
0,0.00
0,0.00
0,0.00
0,0.00
0,0.00
0,0.00
0,0.00
0,0.00
0,0.00
0,0.00
0,0.00
0,0.00
0,0.00
0,0.00
0,0.00
0,0.00
0,0.00
0,0.00
0,0.00
0,0.00
0,0.00
0,0.00
0,0.00
0,0.00
0,0.00
0,0.00
0,0.00
0,0.00
0,0.00
0,0.00
0,0.00
0,0.00
0,0.00
0,0.00
0,0.00
0,0.00
0,0.00
0,0.00
0,0.00
0,0.00
0,0.00
0,0.00
0,0.00
0,0.00
0,0.00
0,0.00
0,0.00
0,0.00
0,0.00
0,0.00
0,0.00
0,0.00
0,0.00
0,0.00
0,0.00
0,0.00
0,0.00
0,0.00
0,0.00
0,0.00
0,0.00
0,0.00
0,0.00
0,0.00
0,0.00
0,0.00
0,0.00
0,0.00
0,0.00
0,0.00
0,0.00
0,0.00
0,0.00
0,0.00
0,0.00
0,0.00
0,0.00
0,0.00
0,0.00
0,0.00
0,0.00
0,0.00
0,0.00
0,0.00
0,0.00
0,0.00
2,34.20
0,0.00
0,0.00
0,0.00
0,0.00
0,0.00
0,0.00
0,0.00
0,0.00
0,0.00
0,0.00
0,0.00
0,0.00
0,0.00
0,0.00
0,0.00
0,0.00
0,0.00
0,0.00
0,0.00
0,0.00
0,0.00
0,0.00
0,0.00
0,0.00
0,0.00
0,0.00
0,0.00
0,0.00
0,0.00
0,0.00
0,0.00
0,0.00
0,0.00
0,0.00
0,0.00
0,0.00
0,0.00
0,0.00
0,0.00
0,0.00
0,0.00
0,0.00
0,0.00
0,0.00
0,0.00
0,0.00
0,0.00
0,0.00
0,0.00
0,0.00
0,0.00
0,0.00
0,0.00
0,0.00
0,0.00
0,0.00
0,0.00
0,0.00
0,0.00
0,0.00
0,0.00
0,0.00
0,0.00
0,0.00
0,0.00
0,0.00
0,0.00
0,0.00
0,0.00
0,0.00
0,0.00
0,0.00
0,0.00
0,0.00
0,0.00
0,0.00
0,0.00
0,0.00
0,0.00
0,0.00
0,0.00
0,0.00
0,0.00
0,0.00
0,0.00
0,0.00
0,0.00
0,0.00
0,0.00
0,0.00
0,0.00
0,0.00
0,0.00
0,0.00
0,0.00
0,0.00
0,0.00
0,0.00
0,0.00
0,0.00
0,0.00
0,0.00
0,0.00
0,0.00
0,0.00
0,0.00
0,0.00
0,0.00
0,0.00
0,0.00
0,0.00
0,0.00
0,0.00
0,0.00
0,0.00
0,0.00
0,0.00
0,0.00
0,0.00
0,0.00
0,0.00
0,0.00
0,0.00
0,0.00
0,0.00
0,0.00
0,0.00
0,0.00
0,0.00
0,0.00
0,0.00
0,0.00
0,0.00
0,0.00
0,0.00
0,0.00
0,0.00
0,0.00
0,0.00
0,0.00
0,0.00
0,0.00
0,0.00
0,0.00
0,0.00
0,0.00
0,0.00
0,0.00
0,0.00
0,0.00
0,0.00
0,0.00
0,0.00
0,0.00
0,0.00
0,0.00
0,0.00
0,0.00
0,0.00
0,0.00
0,0.00
0,0.00
0,0.00
0,0.00
0,0.00
0,0.00
0,0.00
0,0.00
0,0.00
0,0.00
0,0.00
0,0.00
0,0.00
0,0.00
0,0.00
0,0.00
0,0.00
0,0.00
0,0.00
0,0.00
0,0.00
0,0.00
0,0.00
0,0.00
0,0.00
0,0.00
0,0.00
0,0.00
0,0.00
0,0.00
0,0.00
0,0.00
0,0.00
0,0.00
0,0.00
0,0.00
0,0.00
0,0.00
0,0.00
0,0.00
0,0.00
0,0.00
0,0.00
0,0.00
0,0.00
0,0.00
0,0.00
0,0.00
0,0.00
0,0.00
0,0.00
0,0.00
0,0.00
0,0.00
0,0.00
0,0.00
0,0.00
0,0.00
0,0.00
0,0.00
0,0.00
0,0.00
0,0.00
0,0.00
0,0.00
0,0.00
0,0.00
0,0.00
0,0.00
0,0.00
0,0.00
0,0.00
0,0.00
0,0.00
0,0.00
0,0.00
0,0.00
0,0.00
0,0.00
0,0.00
0,0.00
0,0.00
0,0.00
0,0.00
0,0.00
0,0.00
0,0.00
0,0.00
0,0.00
0,0.00
0,0.00
0,0.00
0,0.00
0,0.00
0,0.00
0,0.00
0,0.00
0,0.00
0,0.00
0,0.00
0,0.00
0,0.00
0,0.00
0,0.00
0,0.00
0,0.00
0,0.00
0,0.00
0,0.00
0,0.00
0,0.00
0,0.00
0,0.00
0,0.00
0,0.00
0,0.00
0,0.00
0,0.00
0,0.00
0,0.00
0,0.00
0,0.00
0,0.00
0,0.00
0,0.00
0,0.00
0,0.00
0,0.00
0,0.00
0,0.00
0,0.00
0,0.00
0,0.00
0,0.00
0,0.00
0,0.00
0,0.00
0,0.00
0,0.00
0,0.00
0,0.00
0,0.00
0,0.00
0,0.00
0,0.00
0,0.00
0,0.00
0,0.00
0,0.00
0,0.00
0,0.00
0,0.00
0,0.00
0,0.00
0,0.00
0,0.00
0,0.00
0,0.00
0,0.00
0,0.00
0,0.00
0,0.00
0,0.00
0,0.00
0,0.00
0,0.00
0,0.00
0,0.00
0,0.00
0,0.00
0,0.00
0,0.00
0,0.00
0,0.00
0,0.00
0,0.00
0,0.00
0,0.00
0,0.00
0,0.00
0,0.00
0,0.00
0,0.00
0,0.00
0,0.00
0,0.00
0,0.00
0,0.00
0,0.00
0,0.00
0,0.00
0,0.00
0,0.00
0,0.00
0,0.00
0,0.00
0,0.00
0,0.00
0,0.00
0,0.00
0,0.00
0,0.00
0,0.00
0,0.00
0,0.00
0,0.00
0,0.00
0,0.00
0,0.00
0,0.00
0,0.00
0,0.00
0,0.00
0,0.00
0,0.00
0,0.00
0,0.00
0,0.00
0,0.00
0,0.00
0,0.00
0,0.00
0,0.00
0,0.00
0,0.00
0,0.00
0,0.00
0,0.00
0,0.00
0,0.00
0,0.00
0,0.00
0,0.00
0,0.00
0,0.00
0,0.00
0,0.00
0,0.00
0,0.00
0,0.00
0,0.00
0,0.00
0,0.00
0,0.00
0,0.00
0,0.00
0,0.00
0,0.00
0,0.00
0,0.00
0,0.00
0,0.00
0,0.00
0,0.00
0,0.00
0,0.00
0,0.00
0,0.00
0,0.00
0,0.00
0,0.00
0,0.00
0,0.00
0,0.00
0,0.00
0,0.00
0,0.00
0,0.00
0,0.00
0,0.00
0,0.00
0,0.00
0,0.00
0,0.00
0,0.00
0,0.00
0,0.00
0,0.00
0,0.00
0,0.00
0,0.00
0,0.00
0,0.00
0,0.00
0,0.00
0,0.00
0,0.00
0,0.00
0,0.00
0,0.00
0,0.00
0,0.00
0,0.00
0,0.00
0,0.00
0,0.00
0,0.00
0,0.00
0,0.00
0,0.00
0,0.00
0,0.00
0,0.00
0,0.00
0,0.00
0,0.00
0,0.00
0,0.00
0,0.00
0,0.00
0,0.00
0,0.00
0,0.00
0,0.00
0,0.00
0,0.00
0,0.00
0,0.00
0,0.00
0,0.00
0,0.00
0,0.00
0,0.00
0,0.00
0,0.00
0,0.00
0,0.00
0,0.00
0,0.00
0,0.00
0,0.00
0,0.00
0,0.00
0,0.00
0,0.00
0,0.00
0,0.00
0,0.00
0,0.00
0,0.00
0,0.00
0,0.00
0,0.00
0,0.00
0,0.00
0,0.00
0,0.00
0,0.00
0,0.00
0,0.00
0,0.00
0,0.00
0,0.00
0,0.00
0,0.00
0,0.00
0,0.00
0,0.00
0,0.00
0,0.00
0,0.00
0,0.00
0,0.00
0,0.00
0,0.00
0,0.00
0,0.00
0,0.00
0,0.00
0,0.00
0,0.00
0,0.00
0,0.00
0,0.00
0,0.00
0,0.00
0,0.00
0,0.00
0,0.00
0,0.00
0,0.00
0,0.00
0,0.00
0,0.00
0,0.00
0,0.00
0,0.00
0,0.00
0,0.00
0,0.00
0,0.00
0,0.00
0,0.00
0,0.00
0,0.00
0,0.00
0,0.00
0,0.00
0,0.00
0,0.00
0,0.00
0,0.00
0,0.00
0,0.00
0,0.00
0,0.00
0,0.00
0,0.00
0,0.00
0,0.00
0,0.00
0,0.00
0,0.00
0,0.00
0,0.00
0,0.00
0,0.00
0,0.00
0,0.00
0,0.00
0,0.00
0,0.00
0,0.00
0,0.00
0,0.00
0,0.00
0,0.00
0,0.00
0,0.00
0,0.00
0,0.00
0,0.00
0,0.00
0,0.00
0,0.00
0,0.00
0,0.00
0,0.00
0,0.00
0,0.00
0,0.00
0,0.00
0,0.00
1,150.14
0,0.00
0,0.00
0,0.00
0,0.00
0,0.00
0,0.00
0,0.00
0,0.00
0,0.00
0,0.00
0,0.00
0,0.00
0,0.00
0,0.00
0,0.00
0,0.00
0,0.00
0,0.00
0,0.00
0,0.00
0,0.00
0,0.00
0,0.00
0,0.00
0,0.00
0,0.00
0,0.00
0,0.00
0,0.00
0,0.00
0,0.00
0,0.00
0,0.00
0,0.00
0,0.00
0,0.00
0,0.00
0,0.00
0,0.00
0,0.00
0,0.00
0,0.00
0,0.00
0,0.00
0,0.00
0,0.00
0,0.00
0,0.00
0,0.00
0,0.00
0,0.00
0,0.00
0,0.00
0,0.00
0,0.00
0,0.00
0,0.00
0,0.00
0,0.00
0,0.00
0,0.00
0,0.00
0,0.00
0,0.00
0,0.00
0,0.00
0,0.00
0,0.00
0,0.00
0,0.00
0,0.00
0,0.00
0,0.00
0,0.00
0,0.00
0,0.00
0,0.00
0,0.00
0,0.00
0,0.00
0,0.00
0,0.00
0,0.00
0,0.00
0,0.00
0,0.00
0,0.00
0,0.00
0,0.00
0,0.00
0,0.00
0,0.00
0,0.00
0,0.00
0,0.00
0,0.00
0,0.00
0,0.00
0,0.00
0,0.00
0,0.00
0,0.00
0,0.00
0,0.00
0,0.00
0,0.00
0,0.00
0,0.00
0,0.00
0,0.00
0,0.00
0,0.00
0,0.00
0,0.00
0,0.00
0,0.00
0,0.00
0,0.00
0,0.00
0,0.00
0,0.00
0,0.00
0,0.00
0,0.00
0,0.00
0,0.00
0,0.00
0,0.00
0,0.00
0,0.00
0,0.00
0,0.00
0,0.00
0,0.00
0,0.00
0,0.00
0,0.00
0,0.00
0,0.00
0,0.00
0,0.00
0,0.00
0,0.00
0,0.00
0,0.00
0,0.00
0,0.00
0,0.00
1,10.23
0,0.00
0,0.00
0,0.00
0,0.00
0,0.00
0,0.00
0,0.00
0,0.00
0,0.00
0,0.00
0,0.00
0,0.00
0,0.00
0,0.00
0,0.00
0,0.00
0,0.00
0,0.00
0,0.00
0,0.00
0,0.00
0,0.00
0,0.00
0,0.00
0,0.00
0,0.00
0,0.00
0,0.00
0,0.00
0,0.00
0,0.00
0,0.00
0,0.00
0,0.00
0,0.00
0,0.00
0,0.00
0,0.00
0,0.00
0,0.00
0,0.00
0,0.00
0,0.00
0,0.00
0,0.00
0,0.00
0,0.00
0,0.00
0,0.00
0,0.00
0,0.00
0,0.00
0,0.00
0,0.00
0,0.00
0,0.00
0,0.00
0,0.00
0,0.00
0,0.00
0,0.00
0,0.00
0,0.00
0,0.00
0,0.00
0,0.00
0,0.00
0,0.00
0,0.00
0,0.00
0,0.00
0,0.00
0,0.00
0,0.00
0,0.00
0,0.00
0,0.00
0,0.00
0,0.00
0,0.00
0,0.00
0,0.00
0,0.00
0,0.00
0,0.00
0,0.00
0,0.00
0,0.00
0,0.00
0,0.00
0,0.00
0,0.00
0,0.00
0,0.00
0,0.00
0,0.00
0,0.00
0,0.00
0,0.00
0,0.00
0,0.00
0,0.00
0,0.00
0,0.00
0,0.00
0,0.00
0,0.00
0,0.00
0,0.00
0,0.00
0,0.00
0,0.00
0,0.00
0,0.00
0,0.00
0,0.00
0,0.00
0,0.00
0,0.00
0,0.00
0,0.00
0,0.00
0,0.00
0,0.00
0,0.00
0,0.00
0,0.00
0,0.00
0,0.00
0,0.00
0,0.00
0,0.00
0,0.00
0,0.00
0,0.00
0,0.00
0,0.00
0,0.00
0,0.00
0,0.00
0,0.00
0,0.00
0,0.00
0,0.00
0,0.00
0,0.00
0,0.00
0,0.00
0,0.00
0,0.00
0,0.00
0,0.00
0,0.00
0,0.00
0,0.00
0,0.00
0,0.00
0,0.00
0,0.00
0,0.00
0,0.00
0,0.00
0,0.00
0,0.00
0,0.00
0,0.00
0,0.00
0,0.00
0,0.00
0,0.00
0,0.00
0,0.00
0,0.00
0,0.00
0,0.00
0,0.00
0,0.00
0,0.00
0,0.00
0,0.00
0,0.00
0,0.00
0,0.00
0,0.00
0,0.00
0,0.00
0,0.00
0,0.00
0,0.00
0,0.00
0,0.00
0,0.00
0,0.00
0,0.00
0,0.00
0,0.00
0,0.00
0,0.00
0,0.00
0,0.00
0,0.00
0,0.00
0,0.00
0,0.00
0,0.00
0,0.00
0,0.00
0,0.00
0,0.00
0,0.00
0,0.00
0,0.00
0,0.00
0,0.00
0,0.00
0,0.00
0,0.00
0,0.00
0,0.00
0,0.00
0,0.00
0,0.00
0,0.00
0,0.00
0,0.00
0,0.00
0,0.00
0,0.00
0,0.00
0,0.00
0,0.00
0,0.00
0,0.00
0,0.00
0,0.00
0,0.00
0,0.00
0,0.00
0,0.00
0,0.00
0,0.00
0,0.00
0,0.00
0,0.00
0,0.00
0,0.00
0,0.00
0,0.00
0,0.00
0,0.00
0,0.00
0,0.00
0,0.00
0,0.00
0,0.00
0,0.00
0,0.00
0,0.00
0,0.00
0,0.00
0,0.00
0,0.00
0,0.00
0,0.00
0,0.00
0,0.00
0,0.00
0,0.00
0,0.00
0,0.00
0,0.00
0,0.00
0,0.00
0,0.00
0,0.00
0,0.00
0,0.00
0,0.00
0,0.00
0,0.00
0,0.00
0,0.00
0,0.00
0,0.00
0,0.00
0,0.00
0,0.00
0,0.00
0,0.00
0,0.00
0,0.00
0,0.00
0,0.00
0,0.00
0,0.00
0,0.00
0,0.00
0,0.00
0,0.00
0,0.00
0,0.00
0,0.00
0,0.00
0,0.00
0,0.00
0,0.00
0,0.00
0,0.00
0,0.00
0,0.00
0,0.00
0,0.00
0,0.00
0,0.00
0,0.00
0,0.00
0,0.00
0,0.00
0,0.00
0,0.00
0,0.00
0,0.00
0,0.00
0,0.00
0,0.00
0,0.00
0,0.00
0,0.00
0,0.00
0,0.00
0,0.00
0,0.00
0,0.00
0,0.00
0,0.00
0,0.00
0,0.00
0,0.00
0,0.00
0,0.00
0,0.00
0,0.00
0,0.00
0,0.00
0,0.00
0,0.00
0,0.00
0,0.00
0,0.00
0,0.00
0,0.00
0,0.00
0,0.00
0,0.00
0,0.00
0,0.00
0,0.00
0,0.00
0,0.00
0,0.00
0,0.00
0,0.00
0,0.00
0,0.00
0,0.00
0,0.00
0,0.00
0,0.00
0,0.00
0,0.00
0,0.00
0,0.00
0,0.00
0,0.00
0,0.00
0,0.00
0,0.00
0,0.00
0,0.00
0,0.00
0,0.00
0,0.00
0,0.00
0,0.00
0,0.00
0,0.00
0,0.00
0,0.00
0,0.00
0,0.00
0,0.00
0,0.00
0,0.00
0,0.00
0,0.00
0,0.00
0,0.00
0,0.00
0,0.00
0,0.00
0,0.00
0,0.00
0,0.00
0,0.00
0,0.00
0,0.00
0,0.00
0,0.00
0,0.00
0,0.00
0,0.00
0,0.00
0,0.00
0,0.00
0,0.00
0,0.00
0,0.00
0,0.00
0,0.00
0,0.00
0,0.00
0,0.00
0,0.00
0,0.00
0,0.00
0,0.00
0,0.00
0,0.00
0,0.00
0,0.00
0,0.00
0,0.00
0,0.00
0,0.00
0,0.00
0,0.00
0,0.00
0,0.00
0,0.00
0,0.00
0,0.00
0,0.00
0,0.00
0,0.00
0,0.00
0,0.00
0,0.00
0,0.00
0,0.00
0,0.00
0,0.00
0,0.00
0,0.00
0,0.00
0,0.00
0,0.00
0,0.00
0,0.00
0,0.00
0,0.00
0,0.00
0,0.00
0,0.00
0,0.00
0,0.00
0,0.00
0,0.00
0,0.00
0,0.00
0,0.00
0,0.00
0,0.00
0,0.00
0,0.00
0,0.00
0,0.00
0,0.00
0,0.00
0,0.00
0,0.00
0,0.00
0,0.00
0,0.00
0,0.00
0,0.00
0,0.00
0,0.00
0,0.00
0,0.00
0,0.00
0,0.00
0,0.00
0,0.00
0,0.00
0,0.00
0,0.00
0,0.00
0,0.00
0,0.00
0,0.00
0,0.00
0,0.00
0,0.00
0,0.00
0,0.00
0,0.00
0,0.00
0,0.00
0,0.00
0,0.00
0,0.00
0,0.00
0,0.00
0,0.00
0,0.00
0,0.00
0,0.00
0,0.00
0,0.00
0,0.00
0,0.00
0,0.00
0,0.00
0,0.00
0,0.00
0,0.00
0,0.00
0,0.00
0,0.00
0,0.00
0,0.00
0,0.00
0,0.00
0,0.00
0,0.00
0,0.00
0,0.00
0,0.00
0,0.00
0,0.00
0,0.00
0,0.00
0,0.00
0,0.00
0,0.00
0,0.00
0,0.00
0,0.00
0,0.00
0,0.00
0,0.00
0,0.00
0,0.00
0,0.00
0,0.00
0,0.00
0,0.00
0,0.00
0,0.00
0,0.00
0,0.00
0,0.00
0,0.00
0,0.00
0,0.00
0,0.00
0,0.00
0,0.00
0,0.00
0,0.00
0,0.00
0,0.00
0,0.00
0,0.00
0,0.00
0,0.00
0,0.00
0,0.00
0,0.00
0,0.00
0,0.00
0,0.00
0,0.00
0,0.00
0,0.00
0,0.00
0,0.00
0,0.00
0,0.00
0,0.00
0,0.00
0,0.00
0,0.00
0,0.00
0,0.00
0,0.00
0,0.00
0,0.00
0,0.00
0,0.00
0,0.00
0,0.00
0,0.00
0,0.00
0,0.00
0,0.00
0,0.00
0,0.00
0,0.00
0,0.00
0,0.00
0,0.00
0,0.00
0,0.00
0,0.00
0,0.00
0,0.00
0,0.00
0,0.00
0,0.00
0,0.00
0,0.00
0,0.00
0,0.00
0,0.00
0,0.00
0,0.00
0,0.00
0,0.00
0,0.00
0,0.00
0,0.00
0,0.00
0,0.00
0,0.00
0,0.00
0,0.00
0,0.00
0,0.00
0,0.00
0,0.00
0,0.00
0,0.00
0,0.00
0,0.00
0,0.00
0,0.00
0,0.00
0,0.00
0,0.00
0,0.00
0,0.00
0,0.00
0,0.00
0,0.00
0,0.00
0,0.00
0,0.00
0,0.00
0,0.00
0,0.00
0,0.00
0,0.00
0,0.00
0,0.00
0,0.00
0,0.00
0,0.00
0,0.00
0,0.00
0,0.00
0,0.00
0,0.00
0,0.00
0,0.00
0,0.00
0,0.00
0,0.00
0,0.00
0,0.00
0,0.00
0,0.00
0,0.00
0,0.00
0,0.00
0,0.00
0,0.00
0,0.00
0,0.00
0,0.00
0,0.00
0,0.00
0,0.00
0,0.00
0,0.00
0,0.00
0,0.00
0,0.00
0,0.00
0,0.00
0,0.00
0,0.00
0,0.00
0,0.00
0,0.00
0,0.00
0,0.00
0,0.00
0,0.00
0,0.00
0,0.00
0,0.00
0,0.00
0,0.00
0,0.00
0,0.00
0,0.00
0,0.00
0,0.00
0,0.00
0,0.00
0,0.00
0,0.00
0,0.00
0,0.00
0,0.00
0,0.00
0,0.00
0,0.00
0,0.00
0,0.00
0,0.00
0,0.00
0,0.00
0,0.00
0,0.00
0,0.00
0,0.00
0,0.00
0,0.00
0,0.00
0,0.00
0,0.00
0,0.00
0,0.00
0,0.00
0,0.00
0,0.00
0,0.00
0,0.00
0,0.00
0,0.00
0,0.00
0,0.00
0,0.00
0,0.00
0,0.00
0,0.00
0,0.00
0,0.00
0,0.00
0,0.00
0,0.00
0,0.00
0,0.00
0,0.00
0,0.00
0,0.00
0,0.00
0,0.00
0,0.00
0,0.00
0,0.00
0,0.00
0,0.00
0,0.00
0,0.00
0,0.00
0,0.00
0,0.00
0,0.00
0,0.00
0,0.00
0,0.00
0,0.00
0,0.00
0,0.00
0,0.00
0,0.00
0,0.00
0,0.00
0,0.00
0,0.00
0,0.00
0,0.00
0,0.00
0,0.00
0,0.00
0,0.00
0,0.00
0,0.00
0,0.00
0,0.00
0,0.00
0,0.00
0,0.00
0,0.00
0,0.00
0,0.00
0,0.00
0,0.00
0,0.00
0,0.00
0,0.00
0,0.00
0,0.00
0,0.00
0,0.00
0,0.00
0,0.00
0,0.00
0,0.00
0,0.00
0,0.00
0,0.00
0,0.00
0,0.00
0,0.00
0,0.00
0,0.00
0,0.00
0,0.00
0,0.00
0,0.00
0,0.00
0,0.00
0,0.00
0,0.00
0,0.00
0,0.00
0,0.00
0,0.00
0,0.00
0,0.00
1,152.44
0,0.00
0,0.00
0,0.00
0,0.00
0,0.00
0,0.00
0,0.00
0,0.00
0,0.00
0,0.00
0,0.00
0,0.00
0,0.00
0,0.00
0,0.00
0,0.00
0,0.00
0,0.00
0,0.00
0,0.00
0,0.00
0,0.00
0,0.00
0,0.00
0,0.00
0,0.00
0,0.00
0,0.00
0,0.00
0,0.00
0,0.00
0,0.00
0,0.00
0,0.00
0,0.00
0,0.00
0,0.00
0,0.00
0,0.00
0,0.00
0,0.00
0,0.00
0,0.00
0,0.00
0,0.00
0,0.00
0,0.00
0,0.00
0,0.00
0,0.00
0,0.00
0,0.00
0,0.00
0,0.00
0,0.00
0,0.00
0,0.00
0,0.00
0,0.00
0,0.00
0,0.00
0,0.00
0,0.00
0,0.00
0,0.00
0,0.00
0,0.00
0,0.00
0,0.00
0,0.00
0,0.00
0,0.00
0,0.00
0,0.00
0,0.00
0,0.00
0,0.00
0,0.00
0,0.00
0,0.00
0,0.00
0,0.00
0,0.00
0,0.00
0,0.00
0,0.00
0,0.00
0,0.00
0,0.00
0,0.00
0,0.00
0,0.00
0,0.00
0,0.00
0,0.00
0,0.00
0,0.00
0,0.00
0,0.00
0,0.00
0,0.00
0,0.00
0,0.00
0,0.00
0,0.00
0,0.00
0,0.00
0,0.00
0,0.00
0,0.00
0,0.00
0,0.00
0,0.00
0,0.00
0,0.00
0,0.00
0,0.00
0,0.00
0,0.00
0,0.00
0,0.00
0,0.00
0,0.00
0,0.00
0,0.00
0,0.00
0,0.00
0,0.00
0,0.00
0,0.00
0,0.00
0,0.00
0,0.00
0,0.00
0,0.00
0,0.00
0,0.00
0,0.00
0,0.00
0,0.00
0,0.00
0,0.00
0,0.00
0,0.00
0,0.00
0,0.00
0,0.00
0,0.00
0,0.00
0,0.00
0,0.00
0,0.00
0,0.00
0,0.00
0,0.00
0,0.00
0,0.00
0,0.00
0,0.00
0,0.00
0,0.00
0,0.00
0,0.00
0,0.00
0,0.00
0,0.00
0,0.00
0,0.00
1,13.62
0,0.00
0,0.00
0,0.00
0,0.00
0,0.00
0,0.00
0,0.00
0,0.00
0,0.00
0,0.00
0,0.00
0,0.00
0,0.00
0,0.00
0,0.00
0,0.00
0,0.00
0,0.00
0,0.00
0,0.00
0,0.00
0,0.00
0,0.00
0,0.00
0,0.00
0,0.00
0,0.00
0,0.00
0,0.00
0,0.00
0,0.00
0,0.00
0,0.00
0,0.00
0,0.00
0,0.00
0,0.00
0,0.00
0,0.00
0,0.00
0,0.00
0,0.00
0,0.00
0,0.00
0,0.00
0,0.00
0,0.00
0,0.00
0,0.00
0,0.00
0,0.00
0,0.00
0,0.00
0,0.00
0,0.00
0,0.00
0,0.00
0,0.00
0,0.00
0,0.00
0,0.00
0,0.00
0,0.00
0,0.00
0,0.00
0,0.00
0,0.00
0,0.00
0,0.00
0,0.00
0,0.00
0,0.00
0,0.00
0,0.00
0,0.00
0,0.00
0,0.00
0,0.00
0,0.00
0,0.00
0,0.00
0,0.00
0,0.00
0,0.00
0,0.00
0,0.00
0,0.00
0,0.00
0,0.00
0,0.00
0,0.00
0,0.00
0,0.00
0,0.00
0,0.00
0,0.00
0,0.00
0,0.00
0,0.00
0,0.00
0,0.00
0,0.00
0,0.00
0,0.00
0,0.00
0,0.00
0,0.00
0,0.00
0,0.00
0,0.00
0,0.00
0,0.00
0,0.00
0,0.00
0,0.00
0,0.00
0,0.00
0,0.00
0,0.00
0,0.00
0,0.00
0,0.00
0,0.00
0,0.00
0,0.00
0,0.00
0,0.00
0,0.00
0,0.00
0,0.00
0,0.00
0,0.00
0,0.00
0,0.00
0,0.00
0,0.00
0,0.00
0,0.00
0,0.00
0,0.00
0,0.00
0,0.00
0,0.00
0,0.00
0,0.00
0,0.00
0,0.00
0,0.00
0,0.00
0,0.00
0,0.00
0,0.00
0,0.00
0,0.00
0,0.00
0,0.00
0,0.00
0,0.00
0,0.00
0,0.00
0,0.00
0,0.00
0,0.00
0,0.00
0,0.00
0,0.00
0,0.00
0,0.00
0,0.00
0,0.00
0,0.00
0,0.00
0,0.00
0,0.00
0,0.00
0,0.00
0,0.00
0,0.00
0,0.00
0,0.00
0,0.00
0,0.00
0,0.00
0,0.00
0,0.00
0,0.00
0,0.00
0,0.00
0,0.00
0,0.00
0,0.00
0,0.00
0,0.00
0,0.00
0,0.00
0,0.00
0,0.00
0,0.00
0,0.00
0,0.00
0,0.00
0,0.00
0,0.00
0,0.00
0,0.00
0,0.00
0,0.00
0,0.00
0,0.00
0,0.00
0,0.00
0,0.00
0,0.00
0,0.00
0,0.00
0,0.00
0,0.00
0,0.00
0,0.00
0,0.00
0,0.00
0,0.00
0,0.00
0,0.00
0,0.00
0,0.00
0,0.00
0,0.00
0,0.00
0,0.00
0,0.00
0,0.00
0,0.00
0,0.00
0,0.00
0,0.00
0,0.00
0,0.00
0,0.00
0,0.00
0,0.00
0,0.00
0,0.00
0,0.00
0,0.00
0,0.00
0,0.00
0,0.00
0,0.00
0,0.00
0,0.00
0,0.00
0,0.00
0,0.00
0,0.00
0,0.00
0,0.00
0,0.00
0,0.00
0,0.00
0,0.00
0,0.00
0,0.00
0,0.00
0,0.00
0,0.00
0,0.00
0,0.00
0,0.00
0,0.00
0,0.00
0,0.00
0,0.00
0,0.00
0,0.00
0,0.00
0,0.00
0,0.00
0,0.00
0,0.00
0,0.00
0,0.00
0,0.00
0,0.00
0,0.00
0,0.00
0,0.00
0,0.00
0,0.00
0,0.00
0,0.00
0,0.00
0,0.00
0,0.00
0,0.00
0,0.00
0,0.00
0,0.00
0,0.00
0,0.00
0,0.00
0,0.00
0,0.00
0,0.00
0,0.00
0,0.00
0,0.00
0,0.00
0,0.00
0,0.00
0,0.00
0,0.00
0,0.00
0,0.00
0,0.00
0,0.00
0,0.00
0,0.00
0,0.00
0,0.00
0,0.00
0,0.00
0,0.00
0,0.00
0,0.00
0,0.00
0,0.00
0,0.00
0,0.00
0,0.00
0,0.00
0,0.00
0,0.00
0,0.00
0,0.00
0,0.00
0,0.00
0,0.00
0,0.00
0,0.00
0,0.00
0,0.00
0,0.00
0,0.00
0,0.00
0,0.00
0,0.00
0,0.00
0,0.00
0,0.00
0,0.00
0,0.00
0,0.00
0,0.00
0,0.00
0,0.00
0,0.00
0,0.00
0,0.00
0,0.00
0,0.00
0,0.00
0,0.00
0,0.00
0,0.00
0,0.00
0,0.00
0,0.00
0,0.00
0,0.00
0,0.00
0,0.00
0,0.00
0,0.00
0,0.00
0,0.00
0,0.00
0,0.00
0,0.00
0,0.00
0,0.00
0,0.00
0,0.00
0,0.00
0,0.00
0,0.00
0,0.00
0,0.00
0,0.00
0,0.00
0,0.00
0,0.00
0,0.00
0,0.00
0,0.00
0,0.00
0,0.00
0,0.00
0,0.00
0,0.00
0,0.00
0,0.00
0,0.00
0,0.00
0,0.00
0,0.00
0,0.00
0,0.00
0,0.00
0,0.00
0,0.00
0,0.00
0,0.00
0,0.00
0,0.00
0,0.00
0,0.00
0,0.00
0,0.00
0,0.00
0,0.00
0,0.00
0,0.00
0,0.00
0,0.00
0,0.00
0,0.00
0,0.00
0,0.00
0,0.00
0,0.00
0,0.00
0,0.00
0,0.00
0,0.00
0,0.00
0,0.00
0,0.00
0,0.00
0,0.00
0,0.00
0,0.00
0,0.00
0,0.00
0,0.00
0,0.00
0,0.00
0,0.00
0,0.00
0,0.00
0,0.00
0,0.00
0,0.00
0,0.00
0,0.00
0,0.00
0,0.00
0,0.00
0,0.00
0,0.00
0,0.00
0,0.00
0,0.00
0,0.00
0,0.00
0,0.00
0,0.00
0,0.00
0,0.00
0,0.00
0,0.00
0,0.00
0,0.00
0,0.00
0,0.00
0,0.00
0,0.00
0,0.00
0,0.00
0,0.00
0,0.00
0,0.00
0,0.00
0,0.00
0,0.00
0,0.00
0,0.00
0,0.00
0,0.00
0,0.00
0,0.00
0,0.00
0,0.00
0,0.00
0,0.00
0,0.00
0,0.00
0,0.00
0,0.00
0,0.00
0,0.00
0,0.00
0,0.00
0,0.00
0,0.00
0,0.00
0,0.00
0,0.00
0,0.00
0,0.00
0,0.00
0,0.00
0,0.00
0,0.00
0,0.00
0,0.00
0,0.00
0,0.00
0,0.00
0,0.00
0,0.00
0,0.00
0,0.00
0,0.00
0,0.00
0,0.00
0,0.00
0,0.00
0,0.00
0,0.00
0,0.00
0,0.00
0,0.00
0,0.00
0,0.00
0,0.00
0,0.00
0,0.00
0,0.00
0,0.00
0,0.00
0,0.00
0,0.00
0,0.00
0,0.00
0,0.00
0,0.00
0,0.00
0,0.00
0,0.00
0,0.00
0,0.00
0,0.00
0,0.00
0,0.00
0,0.00
0,0.00
0,0.00
0,0.00
0,0.00
0,0.00
0,0.00
0,0.00
0,0.00
0,0.00
0,0.00
0,0.00
0,0.00
0,0.00
0,0.00
0,0.00
0,0.00
0,0.00
0,0.00
0,0.00
0,0.00
0,0.00
0,0.00
0,0.00
0,0.00
0,0.00
0,0.00
0,0.00
0,0.00
0,0.00
0,0.00
0,0.00
0,0.00
0,0.00
0,0.00
0,0.00
0,0.00
0,0.00
0,0.00
0,0.00
0,0.00
0,0.00
0,0.00
0,0.00
0,0.00
0,0.00
0,0.00
0,0.00
0,0.00
0,0.00
0,0.00
0,0.00
0,0.00
0,0.00
0,0.00
0,0.00
0,0.00
0,0.00
0,0.00
0,0.00
0,0.00
0,0.00
0,0.00
0,0.00
0,0.00
0,0.00
0,0.00
0,0.00
0,0.00
0,0.00
0,0.00
0,0.00
0,0.00
0,0.00
0,0.00
0,0.00
0,0.00
0,0.00
0,0.00
0,0.00
0,0.00
0,0.00
0,0.00
0,0.00
0,0.00
0,0.00
0,0.00
0,0.00
0,0.00
0,0.00
0,0.00
0,0.00
0,0.00
0,0.00
0,0.00
0,0.00
0,0.00
0,0.00
0,0.00
0,0.00
0,0.00
0,0.00
0,0.00
0,0.00
0,0.00
0,0.00
0,0.00
0,0.00
0,0.00
0,0.00
0,0.00
0,0.00
0,0.00
0,0.00
0,0.00
0,0.00
0,0.00
0,0.00
0,0.00
0,0.00
0,0.00
0,0.00
0,0.00
0,0.00
0,0.00
0,0.00
0,0.00
0,0.00
0,0.00
0,0.00
0,0.00
0,0.00
0,0.00
0,0.00
0,0.00
0,0.00
0,0.00
0,0.00
0,0.00
0,0.00
0,0.00
0,0.00
0,0.00
0,0.00
0,0.00
0,0.00
0,0.00
0,0.00
0,0.00
0,0.00
0,0.00
0,0.00
0,0.00
0,0.00
0,0.00
0,0.00
0,0.00
0,0.00
0,0.00
0,0.00
0,0.00
0,0.00
0,0.00
0,0.00
0,0.00
0,0.00
0,0.00
0,0.00
0,0.00
0,0.00
0,0.00
0,0.00
0,0.00
0,0.00
0,0.00
0,0.00
0,0.00
0,0.00
0,0.00
0,0.00
0,0.00
0,0.00
0,0.00
0,0.00
0,0.00
0,0.00
0,0.00
0,0.00
0,0.00
0,0.00
0,0.00
0,0.00
0,0.00
0,0.00
0,0.00
0,0.00
0,0.00
0,0.00
0,0.00
0,0.00
0,0.00
0,0.00
0,0.00
0,0.00
0,0.00
0,0.00
0,0.00
0,0.00
0,0.00
0,0.00
0,0.00
0,0.00
0,0.00
0,0.00
0,0.00
0,0.00
0,0.00
0,0.00
0,0.00
0,0.00
0,0.00
0,0.00
0,0.00
0,0.00
0,0.00
0,0.00
0,0.00
0,0.00
0,0.00
0,0.00
0,0.00
0,0.00
0,0.00
0,0.00
0,0.00
0,0.00
0,0.00
0,0.00
0,0.00
0,0.00
0,0.00
0,0.00
0,0.00
0,0.00
1,60.94
0,0.00
0,0.00
0,0.00
0,0.00
0,0.00
0,0.00
0,0.00
0,0.00
0,0.00
0,0.00
0,0.00
0,0.00
0,0.00
0,0.00
0,0.00
0,0.00
0,0.00
0,0.00
0,0.00
0,0.00
0,0.00
0,0.00
0,0.00
0,0.00
0,0.00
0,0.00
0,0.00
0,0.00
0,0.00
0,0.00
0,0.00
0,0.00
0,0.00
0,0.00
0,0.00
0,0.00
0,0.00
0,0.00
0,0.00
0,0.00
0,0.00
0,0.00
0,0.00
0,0.00
0,0.00
0,0.00
0,0.00
0,0.00
0,0.00
0,0.00
0,0.00
0,0.00
0,0.00
0,0.00
0,0.00
0,0.00
0,0.00
0,0.00
0,0.00
0,0.00
0,0.00
0,0.00
0,0.00
0,0.00
0,0.00
0,0.00
0,0.00
0,0.00
0,0.00
0,0.00
0,0.00
0,0.00
0,0.00
0,0.00
0,0.00
0,0.00
0,0.00
0,0.00
0,0.00
0,0.00
0,0.00
0,0.00
0,0.00
0,0.00
0,0.00
0,0.00
0,0.00
0,0.00
0,0.00
0,0.00
0,0.00
0,0.00
0,0.00
0,0.00
0,0.00
0,0.00
0,0.00
0,0.00
0,0.00
0,0.00
0,0.00
0,0.00
0,0.00
0,0.00
0,0.00
0,0.00
0,0.00
0,0.00
0,0.00
0,0.00
0,0.00
0,0.00
0,0.00
0,0.00
0,0.00
0,0.00
0,0.00
0,0.00
0,0.00
0,0.00
0,0.00
0,0.00
0,0.00
0,0.00
0,0.00
0,0.00
0,0.00
0,0.00
0,0.00
0,0.00
0,0.00
0,0.00
0,0.00
0,0.00
0,0.00
0,0.00
0,0.00
0,0.00
0,0.00
0,0.00
0,0.00
0,0.00
0,0.00
0,0.00
0,0.00
0,0.00
0,0.00
0,0.00
0,0.00
0,0.00
0,0.00
0,0.00
0,0.00
0,0.00
0,0.00
0,0.00
0,0.00
0,0.00
0,0.00
0,0.00
0,0.00
0,0.00
0,0.00
0,0.00
0,0.00
0,0.00
0,0.00
0,0.00
0,0.00
0,0.00
0,0.00
0,0.00
0,0.00
0,0.00
0,0.00
0,0.00
0,0.00
0,0.00
0,0.00
0,0.00
0,0.00
0,0.00
0,0.00
0,0.00
0,0.00
0,0.00
0,0.00
0,0.00
0,0.00
0,0.00
0,0.00
0,0.00
0,0.00
0,0.00
0,0.00
0,0.00
0,0.00
0,0.00
0,0.00
0,0.00
0,0.00
0,0.00
0,0.00
0,0.00
0,0.00
0,0.00
0,0.00
0,0.00
0,0.00
0,0.00
0,0.00
0,0.00
0,0.00
0,0.00
0,0.00
0,0.00
0,0.00
0,0.00
0,0.00
0,0.00
0,0.00
0,0.00
0,0.00
0,0.00
0,0.00
0,0.00
0,0.00
0,0.00
0,0.00
0,0.00
0,0.00
0,0.00
0,0.00
0,0.00
0,0.00
0,0.00
0,0.00
0,0.00
0,0.00
0,0.00
0,0.00
0,0.00
0,0.00
0,0.00
0,0.00
0,0.00
0,0.00
0,0.00
0,0.00
0,0.00
0,0.00
0,0.00
0,0.00
0,0.00
0,0.00
0,0.00
0,0.00
0,0.00
0,0.00
0,0.00
0,0.00
0,0.00
0,0.00
0,0.00
0,0.00
0,0.00
0,0.00
0,0.00
0,0.00
0,0.00
0,0.00
0,0.00
0,0.00
0,0.00
0,0.00
0,0.00
0,0.00
0,0.00
0,0.00
0,0.00
0,0.00
0,0.00
0,0.00
0,0.00
0,0.00
0,0.00
0,0.00
0,0.00
0,0.00
0,0.00
0,0.00
0,0.00
0,0.00
0,0.00
0,0.00
0,0.00
0,0.00
0,0.00
0,0.00
0,0.00
0,0.00
0,0.00
0,0.00
0,0.00
0,0.00
0,0.00
0,0.00
0,0.00
0,0.00
0,0.00
0,0.00
0,0.00
0,0.00
0,0.00
0,0.00
0,0.00
0,0.00
0,0.00
0,0.00
0,0.00
0,0.00
0,0.00
0,0.00
0,0.00
0,0.00
0,0.00
0,0.00
0,0.00
0,0.00
0,0.00
0,0.00
0,0.00
0,0.00
0,0.00
0,0.00
0,0.00
0,0.00
0,0.00
0,0.00
0,0.00
0,0.00
0,0.00
0,0.00
0,0.00
0,0.00
0,0.00
0,0.00
0,0.00
0,0.00
0,0.00
0,0.00
0,0.00
0,0.00
0,0.00
0,0.00
0,0.00
0,0.00
0,0.00
0,0.00
0,0.00
0,0.00
0,0.00
0,0.00
0,0.00
0,0.00
0,0.00
0,0.00
0,0.00
0,0.00
0,0.00
0,0.00
0,0.00
0,0.00
0,0.00
0,0.00
0,0.00
0,0.00
0,0.00
0,0.00
0,0.00
0,0.00
0,0.00
0,0.00
0,0.00
0,0.00
0,0.00
0,0.00
0,0.00
0,0.00
0,0.00
0,0.00
0,0.00
0,0.00
0,0.00
0,0.00
0,0.00
0,0.00
0,0.00
0,0.00
0,0.00
0,0.00
0,0.00
0,0.00
0,0.00
0,0.00
0,0.00
0,0.00
0,0.00
0,0.00
0,0.00
0,0.00
0,0.00
0,0.00
0,0.00
0,0.00
0,0.00
0,0.00
0,0.00
0,0.00
0,0.00
0,0.00
0,0.00
0,0.00
0,0.00
0,0.00
0,0.00
0,0.00
0,0.00
0,0.00
0,0.00
0,0.00
0,0.00
0,0.00
0,0.00
0,0.00
0,0.00
0,0.00
0,0.00
0,0.00
0,0.00
0,0.00
0,0.00
0,0.00
0,0.00
0,0.00
0,0.00
0,0.00
0,0.00
0,0.00
0,0.00
0,0.00
0,0.00
0,0.00
0,0.00
0,0.00
0,0.00
0,0.00
0,0.00
0,0.00
0,0.00
0,0.00
0,0.00
0,0.00
0,0.00
0,0.00
0,0.00
0,0.00
0,0.00
0,0.00
0,0.00
0,0.00
0,0.00
0,0.00
0,0.00
0,0.00
0,0.00
0,0.00
0,0.00
0,0.00
0,0.00
0,0.00
0,0.00
0,0.00
0,0.00
0,0.00
0,0.00
0,0.00
0,0.00
0,0.00
0,0.00
0,0.00
0,0.00
0,0.00
0,0.00
0,0.00
0,0.00
0,0.00
1,12.54
0,0.00
0,0.00
0,0.00
0,0.00
0,0.00
0,0.00
0,0.00
0,0.00
0,0.00
0,0.00
0,0.00
0,0.00
0,0.00
0,0.00
0,0.00
0,0.00
0,0.00
0,0.00
0,0.00
0,0.00
0,0.00
0,0.00
0,0.00
0,0.00
0,0.00
0,0.00
0,0.00
0,0.00
0,0.00
0,0.00
0,0.00
0,0.00
0,0.00
0,0.00
0,0.00
0,0.00
0,0.00
0,0.00
0,0.00
0,0.00
0,0.00
0,0.00
0,0.00
0,0.00
0,0.00
0,0.00
0,0.00
0,0.00
0,0.00
0,0.00
0,0.00
0,0.00
0,0.00
0,0.00
2,36.07
0,0.00
0,0.00
0,0.00
0,0.00
0,0.00
0,0.00
0,0.00
0,0.00
0,0.00
0,0.00
0,0.00
0,0.00
0,0.00
0,0.00
0,0.00
0,0.00
0,0.00
0,0.00
0,0.00
0,0.00
0,0.00
0,0.00
0,0.00
0,0.00
0,0.00
0,0.00
0,0.00
0,0.00
0,0.00
0,0.00
0,0.00
0,0.00
0,0.00
0,0.00
0,0.00
0,0.00
0,0.00
0,0.00
0,0.00
0,0.00
0,0.00
0,0.00
0,0.00
0,0.00
0,0.00
0,0.00
0,0.00
0,0.00
0,0.00
0,0.00
0,0.00
0,0.00
0,0.00
0,0.00
0,0.00
0,0.00
0,0.00
0,0.00
0,0.00
0,0.00
0,0.00
0,0.00
0,0.00
0,0.00
0,0.00
0,0.00
0,0.00
0,0.00
0,0.00
0,0.00
0,0.00
0,0.00
0,0.00
0,0.00
0,0.00
0,0.00
0,0.00
0,0.00
0,0.00
0,0.00
0,0.00
0,0.00
0,0.00
0,0.00
0,0.00
0,0.00
0,0.00
0,0.00
0,0.00
0,0.00
0,0.00
0,0.00
0,0.00
0,0.00
0,0.00
0,0.00
0,0.00
0,0.00
0,0.00
0,0.00
0,0.00
0,0.00
0,0.00
0,0.00
0,0.00
0,0.00
0,0.00
0,0.00
0,0.00
0,0.00
0,0.00
0,0.00
0,0.00
0,0.00
0,0.00
0,0.00
0,0.00
0,0.00
0,0.00
0,0.00
0,0.00
0,0.00
0,0.00
0,0.00
0,0.00
0,0.00
0,0.00
0,0.00
0,0.00
0,0.00
0,0.00
0,0.00
0,0.00
0,0.00
0,0.00
0,0.00
0,0.00
0,0.00
0,0.00
0,0.00
0,0.00
0,0.00
0,0.00
0,0.00
0,0.00
0,0.00
0,0.00
0,0.00
0,0.00
0,0.00
0,0.00
0,0.00
0,0.00
0,0.00
0,0.00
0,0.00
0,0.00
0,0.00
0,0.00
0,0.00
0,0.00
0,0.00
0,0.00
0,0.00
0,0.00
0,0.00
0,0.00
0,0.00
0,0.00
0,0.00
0,0.00
0,0.00
0,0.00
0,0.00
0,0.00
0,0.00
0,0.00
0,0.00
0,0.00
0,0.00
0,0.00
0,0.00
0,0.00
0,0.00
0,0.00
0,0.00
0,0.00
0,0.00
0,0.00
0,0.00
0,0.00
0,0.00
0,0.00
0,0.00
0,0.00
0,0.00
0,0.00
0,0.00
0,0.00
0,0.00
0,0.00
0,0.00
0,0.00
0,0.00
0,0.00
0,0.00
0,0.00
0,0.00
0,0.00
0,0.00
0,0.00
0,0.00
0,0.00
0,0.00
0,0.00
0,0.00
0,0.00
0,0.00
0,0.00
0,0.00
0,0.00
0,0.00
0,0.00
0,0.00
0,0.00
0,0.00
0,0.00
0,0.00
0,0.00
0,0.00
0,0.00
0,0.00
0,0.00
0,0.00
0,0.00
0,0.00
0,0.00
0,0.00
0,0.00
0,0.00
0,0.00
0,0.00
0,0.00
0,0.00
0,0.00
0,0.00
0,0.00
0,0.00
0,0.00
0,0.00
0,0.00
0,0.00
0,0.00
0,0.00
0,0.00
0,0.00
0,0.00
0,0.00
0,0.00
0,0.00
0,0.00
0,0.00
0,0.00
0,0.00
0,0.00
0,0.00
0,0.00
0,0.00
0,0.00
0,0.00
0,0.00
0,0.00
0,0.00
0,0.00
0,0.00
0,0.00
0,0.00
0,0.00
0,0.00
1,52.39
0,0.00
0,0.00
0,0.00
0,0.00
0,0.00
0,0.00
0,0.00
0,0.00
0,0.00
0,0.00
0,0.00
0,0.00
0,0.00
0,0.00
0,0.00
0,0.00
0,0.00
0,0.00
0,0.00
0,0.00
0,0.00
0,0.00
0,0.00
0,0.00
0,0.00
0,0.00
0,0.00
0,0.00
0,0.00
0,0.00
0,0.00
0,0.00
0,0.00
0,0.00
0,0.00
0,0.00
0,0.00
0,0.00
0,0.00
0,0.00
0,0.00
0,0.00
0,0.00
0,0.00
0,0.00
0,0.00
0,0.00
0,0.00
0,0.00
0,0.00
0,0.00
0,0.00
0,0.00
0,0.00
0,0.00
0,0.00
0,0.00
0,0.00
0,0.00
0,0.00
0,0.00
0,0.00
0,0.00
0,0.00
0,0.00
0,0.00
0,0.00
0,0.00
0,0.00
0,0.00
0,0.00
0,0.00
0,0.00
0,0.00
0,0.00
0,0.00
0,0.00
0,0.00
0,0.00
0,0.00
0,0.00
0,0.00
0,0.00
0,0.00
0,0.00
0,0.00
0,0.00
0,0.00
0,0.00
0,0.00
0,0.00
0,0.00
0,0.00
0,0.00
0,0.00
0,0.00
0,0.00
0,0.00
0,0.00
0,0.00
0,0.00
0,0.00
0,0.00
0,0.00
0,0.00
0,0.00
0,0.00
0,0.00
0,0.00
0,0.00
0,0.00
0,0.00
0,0.00
0,0.00
0,0.00
0,0.00
0,0.00
0,0.00
0,0.00
0,0.00
0,0.00
0,0.00
0,0.00
0,0.00
0,0.00
0,0.00
0,0.00
0,0.00
0,0.00
0,0.00
0,0.00
0,0.00
0,0.00
0,0.00
0,0.00
0,0.00
0,0.00
0,0.00
0,0.00
0,0.00
0,0.00
0,0.00
0,0.00
0,0.00
0,0.00
0,0.00
0,0.00
0,0.00
0,0.00
0,0.00
0,0.00
0,0.00
0,0.00
0,0.00
0,0.00
0,0.00
0,0.00
0,0.00
0,0.00
0,0.00
0,0.00
0,0.00
0,0.00
0,0.00
0,0.00
0,0.00
0,0.00
0,0.00
0,0.00
0,0.00
0,0.00
0,0.00
0,0.00
0,0.00
0,0.00
0,0.00
0,0.00
0,0.00
0,0.00
0,0.00
0,0.00
0,0.00
0,0.00
0,0.00
0,0.00
0,0.00
0,0.00
0,0.00
0,0.00
0,0.00
0,0.00
0,0.00
0,0.00
0,0.00
0,0.00
0,0.00
0,0.00
0,0.00
0,0.00
0,0.00
0,0.00
0,0.00
0,0.00
0,0.00
0,0.00
0,0.00
0,0.00
0,0.00
0,0.00
0,0.00
0,0.00
0,0.00
0,0.00
0,0.00
0,0.00
0,0.00
0,0.00
0,0.00
0,0.00
0,0.00
0,0.00
0,0.00
0,0.00
0,0.00
0,0.00
0,0.00
0,0.00
0,0.00
0,0.00
0,0.00
0,0.00
0,0.00
0,0.00
0,0.00
0,0.00
0,0.00
0,0.00
0,0.00
0,0.00
0,0.00
0,0.00
0,0.00
0,0.00
0,0.00
0,0.00
0,0.00
0,0.00
0,0.00
0,0.00
0,0.00
0,0.00
0,0.00
0,0.00
0,0.00
0,0.00
0,0.00
0,0.00
0,0.00
0,0.00
0,0.00
0,0.00
0,0.00
0,0.00
0,0.00
0,0.00
0,0.00
0,0.00
0,0.00
0,0.00
0,0.00
0,0.00
0,0.00
0,0.00
0,0.00
0,0.00
0,0.00
0,0.00
0,0.00
0,0.00
0,0.00
0,0.00
0,0.00
0,0.00
0,0.00
0,0.00
0,0.00
0,0.00
0,0.00
0,0.00
0,0.00
0,0.00
0,0.00
0,0.00
0,0.00
0,0.00
0,0.00
0,0.00
0,0.00
0,0.00
0,0.00
0,0.00
0,0.00
0,0.00
0,0.00
0,0.00
0,0.00
0,0.00
0,0.00
0,0.00
0,0.00
0,0.00
0,0.00
0,0.00
0,0.00
0,0.00
0,0.00
0,0.00
0,0.00
0,0.00
0,0.00
0,0.00
0,0.00
0,0.00
0,0.00
0,0.00
0,0.00
0,0.00
0,0.00
0,0.00
0,0.00
0,0.00
0,0.00
0,0.00
0,0.00
0,0.00
0,0.00
0,0.00
0,0.00
0,0.00
0,0.00
0,0.00
0,0.00
0,0.00
0,0.00
0,0.00
0,0.00
0,0.00
0,0.00
0,0.00
0,0.00
0,0.00
0,0.00
0,0.00
0,0.00
0,0.00
1,3.59
0,0.00
0,0.00
0,0.00
0,0.00
0,0.00
0,0.00
0,0.00
0,0.00
0,0.00
0,0.00
0,0.00
0,0.00
0,0.00
0,0.00
0,0.00
0,0.00
0,0.00
0,0.00
0,0.00
0,0.00
0,0.00
0,0.00
0,0.00
0,0.00
0,0.00
0,0.00
0,0.00
0,0.00
0,0.00
0,0.00
0,0.00
0,0.00
0,0.00
0,0.00
0,0.00
0,0.00
0,0.00
0,0.00
0,0.00
0,0.00
0,0.00
0,0.00
0,0.00
0,0.00
0,0.00
0,0.00
0,0.00
0,0.00
0,0.00
0,0.00
0,0.00
0,0.00
0,0.00
0,0.00
0,0.00
0,0.00
0,0.00
0,0.00
0,0.00
0,0.00
0,0.00
0,0.00
0,0.00
0,0.00
0,0.00
0,0.00
0,0.00
0,0.00
0,0.00
0,0.00
0,0.00
0,0.00
0,0.00
0,0.00
0,0.00
0,0.00
0,0.00
0,0.00
0,0.00
0,0.00
0,0.00
0,0.00
0,0.00
0,0.00
0,0.00
0,0.00
0,0.00
0,0.00
0,0.00
0,0.00
0,0.00
0,0.00
0,0.00
0,0.00
0,0.00
0,0.00
0,0.00
0,0.00
0,0.00
0,0.00
0,0.00
0,0.00
0,0.00
0,0.00
0,0.00
0,0.00
0,0.00
0,0.00
0,0.00
0,0.00
0,0.00
0,0.00
0,0.00
0,0.00
0,0.00
0,0.00
0,0.00
0,0.00
0,0.00
0,0.00
0,0.00
0,0.00
0,0.00
0,0.00
0,0.00
0,0.00
0,0.00
0,0.00
0,0.00
0,0.00
0,0.00
0,0.00
0,0.00
0,0.00
0,0.00
0,0.00
0,0.00
0,0.00
0,0.00
0,0.00
0,0.00
0,0.00
0,0.00
0,0.00
0,0.00
0,0.00
0,0.00
0,0.00
0,0.00
0,0.00
0,0.00
0,0.00
0,0.00
0,0.00
0,0.00
0,0.00
0,0.00
0,0.00
0,0.00
0,0.00
0,0.00
0,0.00
0,0.00
0,0.00
0,0.00
0,0.00
0,0.00
0,0.00
0,0.00
0,0.00
0,0.00
0,0.00
0,0.00
0,0.00
0,0.00
0,0.00
0,0.00
0,0.00
0,0.00
0,0.00
0,0.00
0,0.00
0,0.00
0,0.00
0,0.00
0,0.00
0,0.00
0,0.00
0,0.00
0,0.00
0,0.00
0,0.00
0,0.00
0,0.00
0,0.00
0,0.00
0,0.00
0,0.00
0,0.00
0,0.00
0,0.00
0,0.00
0,0.00
0,0.00
0,0.00
0,0.00
0,0.00
0,0.00
0,0.00
0,0.00
0,0.00
0,0.00
0,0.00
0,0.00
0,0.00
0,0.00
0,0.00
0,0.00
0,0.00
0,0.00
0,0.00
0,0.00
0,0.00
0,0.00
0,0.00
0,0.00
0,0.00
0,0.00
0,0.00
0,0.00
0,0.00
0,0.00
0,0.00
0,0.00
0,0.00
0,0.00
0,0.00
0,0.00
0,0.00
0,0.00
0,0.00
0,0.00
0,0.00
0,0.00
0,0.00
0,0.00
0,0.00
0,0.00
0,0.00
0,0.00
0,0.00
0,0.00
0,0.00
0,0.00
0,0.00
0,0.00
0,0.00
0,0.00
0,0.00
0,0.00
0,0.00
0,0.00
0,0.00
0,0.00
0,0.00
0,0.00
0,0.00
0,0.00
0,0.00
0,0.00
0,0.00
0,0.00
0,0.00
0,0.00
0,0.00
0,0.00
0,0.00
0,0.00
0,0.00
0,0.00
0,0.00
0,0.00
0,0.00
0,0.00
0,0.00
0,0.00
0,0.00
0,0.00
0,0.00
0,0.00
0,0.00
0,0.00
0,0.00
0,0.00
0,0.00
0,0.00
0,0.00
0,0.00
0,0.00
0,0.00
0,0.00
0,0.00
0,0.00
0,0.00
0,0.00
0,0.00
0,0.00
0,0.00
0,0.00
0,0.00
0,0.00
0,0.00
0,0.00
0,0.00
0,0.00
0,0.00
0,0.00
0,0.00
0,0.00
0,0.00
0,0.00
0,0.00
0,0.00
0,0.00
0,0.00
0,0.00
0,0.00
0,0.00
0,0.00
0,0.00
0,0.00
0,0.00
0,0.00
0,0.00
0,0.00
0,0.00
0,0.00
0,0.00
0,0.00
0,0.00
0,0.00
0,0.00
0,0.00
0,0.00
0,0.00
0,0.00
0,0.00
0,0.00
0,0.00
0,0.00
0,0.00
0,0.00
0,0.00
0,0.00
0,0.00
0,0.00
0,0.00
0,0.00
0,0.00
0,0.00
0,0.00
0,0.00
0,0.00
0,0.00
0,0.00
0,0.00
0,0.00
0,0.00
0,0.00
0,0.00
0,0.00
0,0.00
0,0.00
0,0.00
0,0.00
0,0.00
0,0.00
0,0.00
0,0.00
0,0.00
0,0.00
0,0.00
0,0.00
0,0.00
0,0.00
0,0.00
0,0.00
0,0.00
0,0.00
0,0.00
0,0.00
0,0.00
0,0.00
0,0.00
0,0.00
0,0.00
0,0.00
0,0.00
0,0.00
0,0.00
0,0.00
0,0.00
0,0.00
0,0.00
0,0.00
0,0.00
0,0.00
0,0.00
0,0.00
0,0.00
0,0.00
0,0.00
0,0.00
0,0.00
0,0.00
0,0.00
0,0.00
0,0.00
0,0.00
0,0.00
0,0.00
0,0.00
0,0.00
0,0.00
0,0.00
0,0.00
0,0.00
0,0.00
0,0.00
0,0.00
0,0.00
0,0.00
0,0.00
0,0.00
0,0.00
0,0.00
0,0.00
0,0.00
0,0.00
0,0.00
0,0.00
0,0.00
0,0.00
0,0.00
0,0.00
0,0.00
0,0.00
0,0.00
0,0.00
0,0.00
0,0.00
0,0.00
0,0.00
0,0.00
0,0.00
0,0.00
0,0.00
0,0.00
0,0.00
0,0.00
0,0.00
0,0.00
0,0.00
0,0.00
0,0.00
0,0.00
0,0.00
0,0.00
0,0.00
0,0.00
0,0.00
0,0.00
0,0.00
0,0.00
0,0.00
0,0.00
0,0.00
0,0.00
0,0.00
0,0.00
0,0.00
0,0.00
0,0.00
0,0.00
0,0.00
0,0.00
0,0.00
0,0.00
0,0.00
0,0.00
0,0.00
0,0.00
0,0.00
0,0.00
0,0.00
0,0.00
0,0.00
0,0.00
0,0.00
0,0.00
0,0.00
0,0.00
0,0.00
0,0.00
0,0.00
0,0.00
0,0.00
0,0.00
0,0.00
0,0.00
0,0.00
0,0.00
0,0.00
0,0.00
0,0.00
0,0.00
0,0.00
0,0.00
0,0.00
0,0.00
0,0.00
0,0.00
0,0.00
0,0.00
0,0.00
0,0.00
0,0.00
0,0.00
0,0.00
0,0.00
0,0.00
0,0.00
0,0.00
0,0.00
0,0.00
0,0.00
0,0.00
0,0.00
0,0.00
0,0.00
0,0.00
0,0.00
0,0.00
0,0.00
0,0.00
0,0.00
0,0.00
0,0.00
0,0.00
0,0.00
0,0.00
0,0.00
0,0.00
0,0.00
0,0.00
0,0.00
0,0.00
0,0.00
0,0.00
0,0.00
0,0.00
0,0.00
0,0.00
0,0.00
0,0.00
0,0.00
0,0.00
0,0.00
0,0.00
0,0.00
0,0.00
0,0.00
0,0.00
0,0.00
0,0.00
0,0.00
0,0.00
0,0.00
0,0.00
0,0.00
0,0.00
0,0.00
0,0.00
0,0.00
0,0.00
0,0.00
0,0.00
0,0.00
0,0.00
0,0.00
0,0.00
0,0.00
0,0.00
0,0.00
0,0.00
0,0.00
0,0.00
0,0.00
0,0.00
0,0.00
0,0.00
0,0.00
0,0.00
0,0.00
0,0.00
0,0.00
0,0.00
0,0.00
0,0.00
0,0.00
0,0.00
0,0.00
0,0.00
0,0.00
0,0.00
0,0.00
0,0.00
0,0.00
0,0.00
0,0.00
0,0.00
0,0.00
0,0.00
0,0.00
0,0.00
0,0.00
0,0.00
0,0.00
0,0.00
0,0.00
0,0.00
0,0.00
0,0.00
0,0.00
0,0.00
0,0.00
0,0.00
0,0.00
0,0.00
0,0.00
0,0.00
0,0.00
0,0.00
0,0.00
0,0.00
0,0.00
0,0.00
0,0.00
0,0.00
0,0.00
0,0.00
0,0.00
0,0.00
0,0.00
0,0.00
0,0.00
0,0.00
0,0.00
0,0.00
0,0.00
0,0.00
0,0.00
0,0.00
0,0.00
0,0.00
0,0.00
0,0.00
0,0.00
0,0.00
0,0.00
0,0.00
0,0.00
0,0.00
0,0.00
0,0.00
0,0.00
0,0.00
0,0.00
0,0.00
0,0.00
0,0.00
0,0.00
0,0.00
0,0.00
0,0.00
0,0.00
0,0.00
0,0.00
0,0.00
0,0.00
0,0.00
0,0.00
0,0.00
0,0.00
0,0.00
0,0.00
0,0.00
0,0.00
0,0.00
0,0.00
0,0.00
0,0.00
0,0.00
0,0.00
0,0.00
0,0.00
0,0.00
0,0.00
0,0.00
0,0.00
0,0.00
0,0.00
0,0.00
0,0.00
0,0.00
0,0.00
0,0.00
0,0.00
0,0.00
0,0.00
0,0.00
0,0.00
0,0.00
0,0.00
0,0.00
0,0.00
0,0.00
0,0.00
0,0.00
0,0.00
0,0.00
0,0.00
0,0.00
0,0.00
0,0.00
0,0.00
0,0.00
0,0.00
0,0.00
0,0.00
0,0.00
0,0.00
0,0.00
0,0.00
0,0.00
0,0.00
0,0.00
0,0.00
0,0.00
0,0.00
0,0.00
0,0.00
0,0.00
0,0.00
0,0.00
0,0.00
0,0.00
0,0.00
0,0.00
0,0.00
0,0.00
0,0.00
0,0.00
0,0.00
0,0.00
0,0.00
0,0.00
0,0.00
0,0.00
0,0.00
0,0.00
0,0.00
0,0.00
0,0.00
0,0.00
0,0.00
0,0.00
0,0.00
0,0.00
0,0.00
0,0.00
0,0.00
0,0.00
0,0.00
0,0.00
0,0.00
0,0.00
0,0.00
0,0.00
0,0.00
0,0.00
0,0.00
0,0.00
0,0.00
0,0.00
0,0.00
0,0.00
0,0.00
0,0.00
0,0.00
0,0.00
0,0.00
0,0.00
0,0.00
0,0.00
0,0.00
0,0.00
0,0.00
0,0.00
0,0.00
0,0.00
0,0.00
0,0.00
0,0.00
0,0.00
0,0.00
0,0.00
0,0.00
0,0.00
0,0.00
0,0.00
0,0.00
0,0.00
0,0.00
0,0.00
0,0.00
0,0.00
0,0.00
0,0.00
0,0.00
0,0.00
0,0.00
0,0.00
0,0.00
0,0.00
0,0.00
0,0.00
0,0.00
0,0.00
0,0.00
0,0.00
0,0.00
0,0.00
0,0.00
0,0.00
0,0.00
0,0.00
0,0.00
0,0.00
0,0.00
0,0.00
0,0.00
0,0.00
0,0.00
0,0.00
0,0.00
0,0.00
0,0.00
0,0.00
0,0.00
0,0.00
0,0.00
0,0.00
0,0.00
0,0.00
0,0.00
0,0.00
0,0.00
0,0.00
0,0.00
0,0.00
0,0.00
0,0.00
0,0.00
0,0.00
0,0.00
0,0.00
0,0.00
0,0.00
0,0.00
0,0.00
0,0.00
0,0.00
0,0.00
0,0.00
0,0.00
0,0.00
0,0.00
0,0.00
0,0.00
0,0.00
0,0.00
0,0.00
0,0.00
0,0.00
0,0.00
0,0.00
0,0.00
0,0.00
0,0.00
0,0.00
0,0.00
0,0.00
0,0.00
0,0.00
0,0.00
0,0.00
0,0.00
0,0.00
0,0.00
0,0.00
0,0.00
0,0.00
0,0.00
0,0.00
0,0.00
0,0.00
0,0.00
0,0.00
0,0.00
0,0.00
0,0.00
0,0.00
0,0.00
0,0.00
0,0.00
0,0.00
0,0.00
0,0.00
0,0.00
0,0.00
0,0.00
0,0.00
0,0.00
0,0.00
0,0.00
0,0.00
0,0.00
0,0.00
0,0.00
0,0.00
0,0.00
0,0.00
0,0.00
0,0.00
0,0.00
0,0.00
0,0.00
0,0.00
0,0.00
0,0.00
0,0.00
0,0.00
0,0.00
0,0.00
0,0.00
0,0.00
0,0.00
0,0.00
0,0.00
0,0.00
0,0.00
0,0.00
0,0.00
0,0.00
0,0.00
0,0.00
0,0.00
0,0.00
0,0.00
0,0.00
0,0.00
0,0.00
0,0.00
0,0.00
0,0.00
0,0.00
0,0.00
0,0.00
0,0.00
0,0.00
0,0.00
0,0.00
0,0.00
0,0.00
0,0.00
0,0.00
0,0.00
0,0.00
0,0.00
0,0.00
0,0.00
0,0.00
0,0.00
0,0.00
0,0.00
0,0.00
0,0.00
0,0.00
0,0.00
0,0.00
0,0.00
0,0.00
0,0.00
0,0.00
0,0.00
0,0.00
0,0.00
0,0.00
0,0.00
0,0.00
0,0.00
0,0.00
0,0.00
0,0.00
0,0.00
0,0.00
0,0.00
0,0.00
0,0.00
0,0.00
0,0.00
0,0.00
0,0.00
0,0.00
0,0.00
0,0.00
0,0.00
0,0.00
0,0.00
0,0.00
0,0.00
0,0.00
0,0.00
0,0.00
0,0.00
0,0.00
0,0.00
0,0.00
0,0.00
0,0.00
0,0.00
0,0.00
0,0.00
0,0.00
0,0.00
0,0.00
0,0.00
0,0.00
0,0.00
0,0.00
0,0.00
0,0.00
0,0.00
0,0.00
0,0.00
0,0.00
0,0.00
0,0.00
0,0.00
0,0.00
0,0.00
0,0.00
0,0.00
0,0.00
0,0.00
0,0.00
0,0.00
0,0.00
0,0.00
0,0.00
0,0.00
0,0.00
0,0.00
0,0.00
0,0.00
0,0.00
0,0.00
0,0.00
0,0.00
0,0.00
0,0.00
0,0.00
0,0.00
0,0.00
0,0.00
0,0.00
0,0.00
0,0.00
0,0.00
0,0.00
0,0.00
0,0.00
0,0.00
0,0.00
0,0.00
0,0.00
0,0.00
0,0.00
0,0.00
0,0.00
0,0.00
0,0.00
0,0.00
0,0.00
0,0.00
0,0.00
0,0.00
0,0.00
0,0.00
0,0.00
0,0.00
0,0.00
0,0.00
0,0.00
0,0.00
0,0.00
0,0.00
0,0.00
0,0.00
0,0.00
0,0.00
0,0.00
0,0.00
0,0.00
0,0.00
0,0.00
0,0.00
0,0.00
0,0.00
0,0.00
0,0.00
0,0.00
0,0.00
0,0.00
0,0.00
0,0.00
0,0.00
0,0.00
0,0.00
0,0.00
0,0.00
0,0.00
0,0.00
0,0.00
0,0.00
0,0.00
0,0.00
0,0.00
0,0.00
0,0.00
0,0.00
0,0.00
0,0.00
0,0.00
0,0.00
0,0.00
0,0.00
0,0.00
0,0.00
0,0.00
0,0.00
0,0.00
0,0.00
0,0.00
0,0.00
0,0.00
0,0.00
0,0.00
0,0.00
0,0.00
0,0.00
0,0.00
0,0.00
0,0.00
0,0.00
0,0.00
0,0.00
0,0.00
0,0.00
0,0.00
0,0.00
0,0.00
0,0.00
0,0.00
0,0.00
0,0.00
0,0.00
0,0.00
0,0.00
0,0.00
0,0.00
0,0.00
0,0.00
0,0.00
0,0.00
0,0.00
0,0.00
0,0.00
0,0.00
0,0.00
0,0.00
0,0.00
0,0.00
0,0.00
0,0.00
0,0.00
0,0.00
0,0.00
0,0.00
0,0.00
0,0.00
0,0.00
0,0.00
0,0.00
0,0.00
0,0.00
0,0.00
0,0.00
0,0.00
0,0.00
0,0.00
0,0.00
0,0.00
0,0.00
0,0.00
0,0.00
0,0.00
0,0.00
0,0.00
0,0.00
0,0.00
0,0.00
0,0.00
0,0.00
0,0.00
0,0.00
0,0.00
0,0.00
0,0.00
0,0.00
0,0.00
0,0.00
0,0.00
0,0.00
0,0.00
0,0.00
0,0.00
0,0.00
0,0.00
0,0.00
0,0.00
0,0.00
0,0.00
0,0.00
0,0.00
0,0.00
0,0.00
0,0.00
0,0.00
0,0.00
0,0.00
0,0.00
0,0.00
0,0.00
0,0.00
0,0.00
0,0.00
0,0.00
0,0.00
0,0.00
0,0.00
0,0.00
0,0.00
0,0.00
0,0.00
0,0.00
0,0.00
0,0.00
0,0.00
0,0.00
0,0.00
0,0.00
0,0.00
0,0.00
0,0.00
0,0.00
0,0.00
0,0.00
0,0.00
0,0.00
0,0.00
0,0.00
0,0.00
0,0.00
0,0.00
0,0.00
0,0.00
0,0.00
0,0.00
0,0.00
0,0.00
0,0.00
0,0.00
0,0.00
0,0.00
0,0.00
0,0.00
0,0.00
0,0.00
0,0.00
0,0.00
0,0.00
0,0.00
0,0.00
0,0.00
0,0.00
0,0.00
0,0.00
0,0.00
0,0.00
0,0.00
0,0.00
0,0.00
0,0.00
0,0.00
0,0.00
0,0.00
0,0.00
0,0.00
0,0.00
0,0.00
0,0.00
0,0.00
0,0.00
0,0.00
0,0.00
0,0.00
0,0.00
0,0.00
0,0.00
0,0.00
0,0.00
0,0.00
0,0.00
0,0.00
0,0.00
0,0.00
0,0.00
0,0.00
0,0.00
0,0.00
0,0.00
0,0.00
0,0.00
0,0.00
0,0.00
0,0.00
0,0.00
0,0.00
0,0.00
0,0.00
0,0.00
0,0.00
0,0.00
0,0.00
0,0.00
0,0.00
0,0.00
0,0.00
0,0.00
0,0.00
0,0.00
0,0.00
0,0.00
0,0.00
0,0.00
0,0.00
0,0.00
0,0.00
0,0.00
0,0.00
0,0.00
0,0.00
0,0.00
0,0.00
0,0.00
0,0.00
0,0.00
0,0.00
0,0.00
0,0.00
0,0.00
0,0.00
0,0.00
0,0.00
0,0.00
0,0.00
0,0.00
0,0.00
0,0.00
0,0.00
0,0.00
0,0.00
0,0.00
0,0.00
0,0.00
0,0.00
0,0.00
0,0.00
0,0.00
0,0.00
0,0.00
0,0.00
0,0.00
0,0.00
0,0.00
0,0.00
0,0.00
0,0.00
0,0.00
0,0.00
0,0.00
0,0.00
0,0.00
0,0.00
0,0.00
0,0.00
0,0.00
0,0.00
0,0.00
0,0.00
0,0.00
0,0.00
0,0.00
0,0.00
0,0.00
0,0.00
0,0.00
0,0.00
0,0.00
0,0.00
0,0.00
0,0.00
0,0.00
0,0.00
0,0.00
0,0.00
0,0.00
0,0.00
0,0.00
0,0.00
0,0.00
0,0.00
0,0.00
0,0.00
0,0.00
0,0.00
0,0.00
0,0.00
0,0.00
0,0.00
0,0.00
0,0.00
0,0.00
0,0.00
0,0.00
0,0.00
0,0.00
0,0.00
0,0.00
1,22.49
0,0.00
0,0.00
0,0.00
0,0.00
0,0.00
0,0.00
0,0.00
0,0.00
0,0.00
0,0.00
0,0.00
0,0.00
0,0.00
0,0.00
0,0.00
0,0.00
0,0.00
0,0.00
0,0.00
0,0.00
0,0.00
0,0.00
0,0.00
0,0.00
0,0.00
0,0.00
0,0.00
0,0.00
0,0.00
0,0.00
0,0.00
0,0.00
0,0.00
0,0.00
0,0.00
0,0.00
0,0.00
0,0.00
0,0.00
0,0.00
0,0.00
0,0.00
0,0.00
0,0.00
0,0.00
0,0.00
0,0.00
0,0.00
0,0.00
0,0.00
0,0.00
0,0.00
0,0.00
0,0.00
0,0.00
0,0.00
0,0.00
0,0.00
0,0.00
0,0.00
0,0.00
0,0.00
0,0.00
0,0.00
0,0.00
0,0.00
0,0.00
0,0.00
0,0.00
0,0.00
0,0.00
0,0.00
0,0.00
0,0.00
0,0.00
0,0.00
0,0.00
0,0.00
0,0.00
0,0.00
0,0.00
0,0.00
0,0.00
0,0.00
0,0.00
0,0.00
0,0.00
0,0.00
0,0.00
0,0.00
0,0.00
0,0.00
0,0.00
0,0.00
0,0.00
0,0.00
0,0.00
0,0.00
0,0.00
0,0.00
0,0.00
0,0.00
0,0.00
0,0.00
0,0.00
0,0.00
0,0.00
0,0.00
0,0.00
0,0.00
0,0.00
0,0.00
0,0.00
0,0.00
0,0.00
0,0.00
0,0.00
0,0.00
0,0.00
0,0.00
0,0.00
0,0.00
0,0.00
0,0.00
0,0.00
0,0.00
0,0.00
0,0.00
0,0.00
0,0.00
0,0.00
0,0.00
0,0.00
0,0.00
0,0.00
0,0.00
0,0.00
0,0.00
0,0.00
0,0.00
0,0.00
0,0.00
0,0.00
0,0.00
0,0.00
0,0.00
0,0.00
0,0.00
0,0.00
0,0.00
0,0.00
0,0.00
0,0.00
0,0.00
0,0.00
0,0.00
0,0.00
0,0.00
0,0.00
0,0.00
0,0.00
0,0.00
0,0.00
0,0.00
0,0.00
0,0.00
0,0.00
0,0.00
0,0.00
0,0.00
0,0.00
0,0.00
0,0.00
0,0.00
0,0.00
0,0.00
0,0.00
0,0.00
0,0.00
0,0.00
0,0.00
0,0.00
0,0.00
0,0.00
0,0.00
0,0.00
0,0.00
0,0.00
0,0.00
0,0.00
0,0.00
0,0.00
0,0.00
0,0.00
0,0.00
0,0.00
0,0.00
0,0.00
0,0.00
0,0.00
0,0.00
0,0.00
0,0.00
0,0.00
0,0.00
0,0.00
0,0.00
0,0.00
0,0.00
0,0.00
0,0.00
0,0.00
0,0.00
0,0.00
0,0.00
0,0.00
0,0.00
0,0.00
0,0.00
0,0.00
0,0.00
0,0.00
0,0.00
0,0.00
0,0.00
0,0.00
0,0.00
0,0.00
0,0.00
0,0.00
0,0.00
0,0.00
0,0.00
0,0.00
0,0.00
0,0.00
0,0.00
0,0.00
0,0.00
0,0.00
0,0.00
0,0.00
0,0.00
0,0.00
0,0.00
0,0.00
0,0.00
0,0.00
0,0.00
0,0.00
0,0.00
0,0.00
0,0.00
0,0.00
0,0.00
0,0.00
0,0.00
0,0.00
0,0.00
0,0.00
0,0.00
0,0.00
0,0.00
0,0.00
0,0.00
0,0.00
0,0.00
0,0.00
0,0.00
0,0.00
0,0.00
0,0.00
0,0.00
0,0.00
0,0.00
0,0.00
0,0.00
0,0.00
0,0.00
0,0.00
0,0.00
0,0.00
0,0.00
0,0.00
0,0.00
0,0.00
0,0.00
0,0.00
0,0.00
0,0.00
0,0.00
0,0.00
0,0.00
0,0.00
0,0.00
0,0.00
0,0.00
0,0.00
0,0.00
0,0.00
0,0.00
0,0.00
0,0.00
0,0.00
0,0.00
0,0.00
0,0.00
0,0.00
0,0.00
0,0.00
0,0.00
0,0.00
0,0.00
0,0.00
0,0.00
0,0.00
0,0.00
0,0.00
0,0.00
0,0.00
0,0.00
0,0.00
0,0.00
0,0.00
0,0.00
0,0.00
0,0.00
0,0.00
0,0.00
0,0.00
0,0.00
0,0.00
0,0.00
0,0.00
0,0.00
0,0.00
0,0.00
0,0.00
0,0.00
0,0.00
0,0.00
0,0.00
0,0.00
0,0.00
0,0.00
0,0.00
0,0.00
0,0.00
0,0.00
0,0.00
0,0.00
0,0.00
0,0.00
0,0.00
0,0.00
0,0.00
0,0.00
0,0.00
0,0.00
0,0.00
0,0.00
0,0.00
0,0.00
0,0.00
0,0.00
0,0.00
0,0.00
0,0.00
0,0.00
0,0.00
0,0.00
0,0.00
0,0.00
0,0.00
0,0.00
0,0.00
0,0.00
0,0.00
0,0.00
0,0.00
0,0.00
0,0.00
0,0.00
0,0.00
0,0.00
0,0.00
0,0.00
0,0.00
0,0.00
0,0.00
0,0.00
0,0.00
0,0.00
0,0.00
0,0.00
0,0.00
0,0.00
0,0.00
0,0.00
0,0.00
0,0.00
0,0.00
0,0.00
